Member_Number,Membership_Type,Family_Name,Year_Joined,Thanksgiving,"Easter Brunch","4th of July","Private Function",Promo_1,Promo_2
102365,Family,Hancock,2006,1,0,1,0,0,1
105078,Family,Spears,2002,1,0,0,0,1,0
106225,Family,Foster,1995,0,0,1,1,0,0
109320,Individual,Williamson,1992,0,1,0,0,1,0
112823,Family,Deleon,2010,1,0,0,0,0,1
116919,Individual,Wiggins,2001,NULL,NULL,NULL,NULL,0,0
120189,Family,Anderson,1988,0,0,1,0,0,0
121621,Couple,Spears,2008,0,1,1,0,1,0
124368,Individual,Golden,1996,0,1,1,1,1,0
126871,Individual,Melton,1991,0,1,1,1,1,0
129169,Couple,Carroll,2016,NULL,NULL,NULL,NULL,0,0
131644,Family,Sims,2008,1,1,1,1,0,0
133532,Family,Lawson,2002,1,1,0,1,0,1
134985,Family,Mills,1988,0,1,0,1,1,1
138347,Family,Sutton,1992,1,0,1,0,0,0
142270,Family,Atkinson,1996,1,1,1,1,0,0
146287,Family,Sullivan,1989,1,1,1,1,0,0
148621,Family,Mclaughlin,1988,NULL,NULL,NULL,NULL,1,0
152014,Family,Burns,1996,0,1,0,0,0,1
155249,Individual,Arnold,1995,0,0,1,0,0,0
159968,Retiree,Serrano,1990,1,0,0,0,1,0
161738,Couple,Dickson,2011,1,0,1,1,0,0
162946,Retiree,Mercado,1998,1,0,0,0,1,0
165724,Family,Robbins,1996,0,1,1,1,1,0
167379,Family,Summers,2016,0,1,1,1,0,1
169577,Couple,Dunn,2007,0,0,1,1,0,0
173706,Family,Fletcher,1993,1,1,1,1,0,0
178488,Individual,Avila,1995,0,0,1,0,1,0
182851,Individual,Hahn,2006,0,0,1,0,0,0
186402,Individual,Jones,1997,NULL,NULL,NULL,NULL,1,0
191336,Family,Atkins,1989,1,1,1,1,0,1
192859,Retiree,Shaw,1994,0,1,0,0,0,1
195143,Individual,Hooper,2002,NULL,NULL,NULL,NULL,1,0
196804,Individual,Gordon,2005,0,1,0,0,0,1
199949,Individual,Bautista,1999,0,1,0,1,1,0
201084,Couple,Snyder,2008,0,0,1,0,0,0
204765,Family,Allen,2000,0,1,1,1,0,1
207447,Family,Pitts,2008,0,1,1,0,0,0
211063,Individual,Giles,1983,0,1,0,0,1,0
215358,Family,Harvey,2001,0,1,1,1,0,1
218292,Family,Mclaughlin,1999,1,0,1,1,0,0
221431,Family,Boyer,2006,0,0,1,0,0,0
226305,Family,Melton,1999,1,1,1,1,1,0
227657,Couple,Thompson,2009,0,1,1,0,1,0
230845,Individual,Holmes,2002,0,1,0,1,0,1
231992,Family,Clements,2007,1,1,1,1,0,0
233431,Family,Shannon,1988,0,0,1,1,1,1
236245,Individual,Little,2002,0,1,1,0,1,0
238304,Family,Taylor,1984,NULL,NULL,NULL,NULL,0,0
240578,Family,Mora,2005,0,0,1,0,0,1
243489,Couple,Mcguire,2013,1,1,1,1,1,0
245301,Retiree,Mann,1973,1,1,0,0,1,0
249899,Couple,Tapia,2012,0,0,1,0,1,0
253699,Individual,Powers,1983,0,1,0,1,1,0
258218,Family,Mccarty,2006,1,0,1,0,1,0
260208,Family,Shah,1988,1,0,1,1,0,1
262066,Family,Baker,2013,1,1,1,0,0,1
264955,Retiree,Lynch,1987,1,0,0,0,1,0
268483,Family,Mckinney,1980,0,1,1,1,0,0
273463,Couple,Freeman,2008,0,0,1,0,1,1
276760,Family,Davenport,1990,0,1,1,1,0,0
281164,Couple,Sosa,2011,0,1,1,0,1,0
282211,Couple,Mathis,2010,NULL,NULL,NULL,NULL,1,0
283883,Family,Oconnell,1983,0,1,0,0,0,0
286629,Individual,Weiss,2005,0,0,1,0,1,0
291478,Retiree,Moyer,2002,0,1,1,0,1,0
295319,Family,Lamb,2010,0,0,1,0,0,1
299355,Couple,Terry,2008,0,0,1,0,0,0
302032,Individual,Buchanan,2014,NULL,NULL,NULL,NULL,1,0
306505,Family,Duncan,2000,1,0,1,0,0,1
308076,Family,Frank,2003,1,0,1,0,0,1
312931,Family,Hamilton,1989,1,1,1,1,0,0
314055,Family,Nash,2007,0,0,1,1,1,0
315290,Individual,Elliott,1998,0,1,1,1,1,0
316379,Family,Gonzalez,1989,0,0,1,0,0,0
319921,Couple,Mendez,2010,0,0,1,0,0,0
321515,Couple,Bruce,2009,0,1,1,1,0,0
324820,Family,Maddox,2010,1,0,1,0,0,0
327628,Family,Walters,1995,1,0,0,0,0,0
328936,Retiree,Grimes,2002,1,0,0,1,1,1
333066,Retiree,Perry,1998,1,0,0,0,0,0
336081,Individual,Gilmore,1989,NULL,NULL,NULL,NULL,0,0
337751,Family,Wong,1993,0,1,1,1,0,1
339608,Family,Moran,2000,0,1,0,0,1,0
341930,Individual,Simmons,1997,NULL,NULL,NULL,NULL,0,0
345427,Family,Stevenson,1997,1,1,1,1,0,1
348065,Family,Stanley,2004,1,0,1,0,1,0
350511,Family,Dodson,2005,0,1,1,1,0,0
355087,Individual,Day,1990,0,1,0,0,0,0
359996,Individual,Snyder,1988,NULL,NULL,NULL,NULL,1,0
363024,Family,Moran,2006,0,0,1,0,0,0
367481,Family,Simmons,1982,1,0,1,0,0,1
369955,Family,Ritter,2011,0,1,0,1,1,0
372756,Individual,Fields,2010,NULL,NULL,NULL,NULL,0,1
374784,Couple,Durham,2010,1,1,1,1,0,0
379538,Family,Castaneda,1997,0,0,1,1,0,0
383235,Family,Durham,1988,1,0,1,1,1,1
386221,Family,Stark,1983,0,1,0,0,0,1
390375,Family,Anderson,2001,0,1,1,1,0,0
395022,Family,Lutz,1992,1,1,1,1,0,0
397766,Retiree,Warner,2011,1,1,0,1,0,0
401318,Family,Matthews,1999,0,0,1,1,0,0
404702,Family,Campos,2014,1,1,1,1,0,0
408288,Family,Orozco,1993,1,0,1,0,0,0
411823,Retiree,Hull,1978,1,1,0,1,1,0
416616,Individual,Glenn,2000,NULL,NULL,NULL,NULL,0,0
421605,Individual,Francis,2002,NULL,NULL,NULL,NULL,1,0
423724,Couple,Stafford,2010,1,0,0,1,1,0
428013,Family,Wolf,2009,1,1,0,0,0,0
430377,Family,Sawyer,2006,NULL,NULL,NULL,NULL,0,0
431583,Couple,Clements,2011,1,0,0,1,0,1
433976,Family,Mullen,2001,NULL,NULL,NULL,NULL,0,0
438056,Family,Ballard,1998,1,1,1,1,0,0
441489,Couple,Gilmore,2009,1,1,0,1,0,0
445147,Couple,Ford,2011,NULL,NULL,NULL,NULL,1,0
449908,Couple,Medina,2011,1,0,1,0,1,0
451307,Individual,Raymond,2011,0,1,1,0,1,0
454071,Family,Tran,2003,1,0,1,0,1,0
458518,Individual,Torres,2009,1,0,1,0,1,0
460443,Individual,Rice,2015,1,1,1,1,1,1
465760,Family,Hatfield,1999,1,1,1,1,0,1
469384,Family,Nicholson,2004,1,1,1,1,0,1
474350,Family,Burnett,1989,0,0,1,0,0,0
477447,Individual,Pratt,1991,0,0,1,0,0,0
479379,Individual,Parrish,2010,0,0,1,0,0,1
482737,Retiree,Moss,1997,0,0,0,1,1,0
486185,Couple,Conner,2013,1,0,0,0,0,0
489747,Individual,Montgomery,2017,0,1,1,1,0,0
494514,Family,Brewer,1995,1,1,1,0,0,1
498423,Retiree,Clayton,1989,1,1,0,1,1,0
499617,Couple,Neal,2009,1,0,1,1,0,0
502570,Family,Mayer,2003,1,1,1,1,1,0
506000,Family,Joyce,2015,NULL,NULL,NULL,NULL,0,1
510099,Couple,Rosario,2011,0,1,1,1,0,0
513147,Retiree,Diaz,1983,NULL,NULL,NULL,NULL,1,0
516341,Family,Lowery,2000,0,0,1,1,0,1
521065,Individual,Vance,2008,NULL,NULL,NULL,NULL,0,0
522640,Family,Hancock,2014,1,1,1,0,1,1
526499,Individual,Floyd,1988,0,0,1,1,0,1
528066,Family,Tucker,2002,1,0,0,0,0,0
529512,Individual,Powell,1996,0,1,0,1,0,1
534441,Retiree,Shaw,1992,1,0,0,0,1,0
535951,Family,Jarvis,2012,0,0,1,0,0,0
538307,Individual,Chapman,1984,1,1,0,1,1,0
542502,Couple,Schmitt,2010,1,1,1,1,0,0
544758,Couple,Buchanan,2010,0,1,1,0,0,0
545890,Family,Watts,1988,0,0,1,0,0,0
547095,Couple,Roth,2008,1,0,1,0,1,0
551149,Couple,Santiago,2010,0,0,1,0,0,0
553803,Family,Landry,2007,1,1,1,1,0,0
555567,Couple,Davis,2009,0,1,1,0,1,0
559790,Family,Richards,1981,0,1,1,0,1,0
562900,Family,Hendrix,2004,1,0,1,0,0,0
566808,Family,Dunlap,1995,1,1,1,0,0,1
570876,Family,Gonzales,2001,0,0,1,0,1,0
573633,Individual,Mcintyre,1996,1,1,0,1,0,0
576848,Family,May,2007,1,1,0,1,0,0
580188,Couple,Ortega,2009,1,1,0,1,1,1
581895,Individual,Michael,1987,1,1,0,0,1,0
585307,Family,Rojas,1994,1,1,1,1,0,1
589246,Family,Sutton,2002,1,0,1,0,0,0
593157,Retiree,Lucero,1974,1,0,0,0,1,1
597195,Individual,Pham,2007,0,1,0,0,0,0
600879,Family,Browning,1991,0,0,1,1,1,1
604919,Family,Rodriguez,2004,0,1,0,0,0,0
608496,Individual,Knox,1998,0,0,1,0,1,0
610216,Couple,Boyd,2008,1,0,1,0,0,0
615138,Individual,Robertson,2009,0,1,0,0,0,0
616917,Retiree,Pittman,1982,0,1,0,0,1,0
618630,Family,Hogan,1992,0,1,1,1,0,0
620714,Couple,Moyer,2010,1,0,1,1,0,0
623340,Family,Castillo,1992,0,0,1,1,0,0
625444,Individual,Lowe,1998,NULL,NULL,NULL,NULL,0,0
630272,Retiree,Finley,1982,1,0,0,0,1,0
634831,Family,Hurst,1991,1,1,0,0,1,0
638951,Individual,Robinson,1974,0,0,1,0,1,0
646029,Couple,Bruce,2010,0,0,1,0,0,0
650747,Individual,Orozco,1996,0,1,1,1,1,0
653596,Individual,Cobb,1993,0,1,0,0,0,0
655953,Family,Gonzales,2010,1,0,0,0,0,0
657442,Individual,Shannon,1998,NULL,NULL,NULL,NULL,1,1
661271,Individual,Oneill,2000,0,1,0,1,0,0
663354,Retiree,Ellison,1996,1,0,0,0,1,0
666482,Family,Nichols,2009,0,1,1,0,0,0
668328,Couple,Hines,2010,NULL,NULL,NULL,NULL,1,0
670921,Family,Baker,1990,0,1,1,0,0,1
673168,Family,Collier,2015,0,0,1,1,0,1
675701,Individual,Dixon,1996,0,1,0,0,0,0
676835,Individual,Zamora,2009,0,1,1,0,0,0
678988,Individual,Mckinney,2004,0,0,1,0,0,0
683096,Family,Conner,1987,1,0,1,0,0,0
686832,Individual,Deleon,2000,0,0,1,0,0,1
689333,Family,Hubbard,2009,1,1,1,1,0,0
691414,Family,Chavez,2006,1,0,1,0,0,1
696089,Individual,Bass,1993,0,0,1,1,0,0
700823,Individual,Hooper,2008,0,0,1,0,1,0
704053,Family,Alvarado,2004,0,1,0,0,0,1
708615,Family,Potter,2009,0,1,1,0,1,0
713540,Couple,Rojas,2008,NULL,NULL,NULL,NULL,0,0
715094,Retiree,Blevins,1997,1,1,0,1,1,0
719961,Family,Nunez,2006,0,0,1,0,1,1
723858,Individual,Tyler,1985,0,1,1,0,1,0
727322,Family,Sherman,2008,1,0,1,1,0,1
728871,Family,Hudson,2003,1,0,1,0,0,1
733349,Couple,Liu,2010,1,0,1,0,0,1
737144,Family,Riddle,1998,1,1,0,1,0,1
741837,Family,Clements,1990,0,0,1,0,1,1
745906,Couple,Lindsey,2006,1,1,1,0,1,1
747463,Family,Bullock,2015,0,1,1,0,1,0
750238,Couple,Haynes,2007,1,1,1,0,1,0
754165,Retiree,Barry,1995,1,0,1,0,1,0
755899,Family,Cherry,2000,0,1,1,1,0,0
758662,Family,Flynn,1997,0,1,1,0,0,0
761278,Individual,Taylor,1988,NULL,NULL,NULL,NULL,1,0
762913,Family,Carter,1997,1,1,1,1,0,1
766896,Family,Fields,2004,1,0,1,1,0,1
769793,Family,Holloway,1989,1,0,0,0,0,0
774400,Family,Barron,1993,0,1,0,1,0,1
777273,Family,Hart,2012,1,1,1,1,0,0
779975,Family,Petersen,1993,0,1,0,0,1,0
786587,Couple,Weeks,2011,0,1,1,1,1,0
788080,Family,Boyer,2013,0,1,1,1,0,0
791028,Individual,Shaw,2001,NULL,NULL,NULL,NULL,1,0
792662,Retiree,Grimes,1985,1,1,0,1,0,0
795102,Couple,Curtis,2012,1,1,1,1,0,0
799338,Family,Schaefer,2006,0,0,1,0,0,0
803041,Family,Kidd,1980,0,0,1,0,1,0
805009,Individual,Kelly,2009,NULL,NULL,NULL,NULL,1,0
808426,Family,Gilbert,1996,0,1,0,1,0,0
812662,Family,Kirk,1996,0,1,1,0,0,1
815418,Couple,Mahoney,2014,0,0,1,0,0,0
817862,Couple,Sherman,2009,0,1,0,0,0,0
819110,Couple,Mcdonald,2012,0,0,1,0,0,0
822370,Couple,Acevedo,2009,1,0,0,0,0,0
826210,Couple,Benitez,2013,0,1,1,0,0,0
827392,Individual,Hampton,2004,NULL,NULL,NULL,NULL,0,1
829626,Family,Howell,1995,1,0,1,0,1,1
832843,Individual,Willis,1994,1,1,1,0,0,0
837283,Family,Robbins,2002,0,0,0,1,0,1
839476,Couple,Crawford,2008,1,1,1,1,1,0
845117,Retiree,Howell,2003,1,1,0,0,1,0
846792,Individual,Dalton,2007,0,1,0,0,0,0
848615,Family,Terrell,2005,0,0,1,0,1,0
851528,Individual,Stevenson,1990,0,0,1,1,0,0
855964,Individual,Walter,1990,0,0,1,0,0,0
859884,Family,Mcgee,1979,1,1,1,1,0,1
864879,Family,Galvan,1992,0,0,1,0,0,0
868296,Family,Moreno,2004,1,1,1,1,1,1
870172,Couple,Vega,2009,1,1,1,1,1,0
872550,Family,Good,2010,1,1,1,1,0,0
875317,Couple,Nolan,2012,1,0,0,0,0,1
879980,Family,Coffey,1996,0,1,1,1,1,0
883858,Family,Wright,1996,1,1,1,1,0,0
887343,Individual,Bass,2009,NULL,NULL,NULL,NULL,0,0
889761,Family,Ortiz,2008,1,1,1,0,0,0
894301,Individual,Wolfe,2002,NULL,NULL,NULL,NULL,1,0
898861,Family,Faulkner,1994,0,0,1,1,1,0
903490,Couple,Hicks,2009,0,1,0,1,0,0
905509,Couple,Esparza,2008,0,1,1,0,0,1
907364,Family,Pacheco,1985,0,1,0,0,0,0
911276,Family,Gibson,2007,0,1,0,1,0,1
915251,Couple,Hobbs,2011,1,1,1,1,1,0
919352,Family,Kline,2009,0,0,1,0,0,0
922289,Family,Terrell,1986,0,0,1,0,0,1
926487,Family,Bennett,1996,1,1,1,1,0,0
931315,Couple,Hebert,2009,1,1,1,1,1,0
935953,Family,Frye,2011,1,1,0,1,0,0
940803,Couple,Rangel,2010,0,0,1,1,1,0
945187,Family,Mcfarland,2017,0,1,1,1,0,0
948191,Couple,Payne,2012,1,0,1,0,1,0
951471,Family,Armstrong,2007,1,1,0,1,0,1
955123,Family,Kemp,1994,1,1,1,1,0,0
956155,Individual,Hanson,1990,0,1,1,0,0,0
960114,Individual,Davenport,2015,0,1,0,0,0,0
964981,Individual,Velez,2005,0,1,0,0,1,1
966202,Family,Myers,1983,NULL,NULL,NULL,NULL,0,0
970835,Couple,Rodgers,2005,NULL,NULL,NULL,NULL,0,1
971894,Individual,Moore,1987,1,0,0,0,0,0
976284,Individual,Crawford,2007,1,0,0,0,0,0
979219,Family,Pitts,1990,0,0,1,1,1,0
980372,Family,Hatfield,1992,0,0,1,1,1,0
983087,Couple,Stafford,2011,0,1,1,0,1,0
986091,Family,Ponce,2002,0,1,1,1,0,0
990733,Family,Conway,1993,0,0,1,1,0,0
995501,Individual,Brewer,1989,1,0,0,1,0,0
998139,Family,Peters,2012,0,1,0,1,0,1
1000431,Individual,Beard,1987,NULL,NULL,NULL,NULL,0,0
1001950,Family,Golden,1987,0,0,1,1,0,0
1003542,Individual,Wilkinson,2018,1,1,0,0,0,1
1005953,Family,Bridges,2005,0,0,1,0,1,1
1009231,Individual,Strong,1987,0,1,0,0,0,0
1011843,Family,May,2003,1,1,1,1,0,0
1016570,Family,Mora,2003,0,0,1,0,1,0
1020611,Couple,Leon,2011,0,1,1,0,0,0
1025030,Couple,Kaufman,2009,0,1,1,0,1,0
1027362,Family,Simon,1994,1,1,0,1,0,0
1028894,Family,Wall,2003,NULL,NULL,NULL,NULL,0,1
1030382,Family,House,2001,1,0,1,1,0,0
1034751,Couple,Gamble,2011,0,1,1,1,1,1
1038136,Individual,Hendricks,1993,1,1,0,1,0,0
1039872,Individual,Weaver,2005,NULL,NULL,NULL,NULL,0,1
1044783,Retiree,Richards,1999,0,0,1,0,1,0
1049507,Couple,Dalton,2011,0,1,1,1,1,0
1052583,Family,Turner,2005,0,1,1,1,1,0
1056377,Couple,Gentry,2009,1,0,1,1,1,0
1059990,Couple,Murillo,2012,0,0,1,0,0,0
1061605,Family,Foley,2002,0,1,1,1,0,0
1064679,Family,Fisher,2002,0,1,1,1,0,1
1068041,Family,Massey,1987,NULL,NULL,NULL,NULL,0,0
1071469,Individual,Gill,1998,0,0,1,0,1,0
1073881,Family,Parsons,1983,1,0,1,1,0,0
1078249,Couple,Reynolds,2012,0,1,1,0,0,0
1080001,Family,Mcdonald,2005,1,1,1,1,1,1
1084969,Couple,Peck,2013,0,0,1,0,0,0
1088168,Individual,Mora,2005,NULL,NULL,NULL,NULL,0,0
1091117,Couple,Duarte,2012,0,1,0,0,0,1
1094715,Individual,Vaughn,1981,0,0,1,1,0,0
1098249,Family,Wolf,2002,0,1,1,0,0,0
1102348,Family,Padilla,1995,0,1,1,1,0,1
1106118,Individual,Hudson,1997,0,1,0,0,0,1
1108192,Individual,Dominguez,2013,NULL,NULL,NULL,NULL,1,0
1111131,Retiree,Reyes,1981,0,1,0,0,1,0
1113671,Family,Poole,2004,0,1,1,0,0,1
1118111,Family,Montoya,1984,0,0,1,1,0,0
1120110,Family,Stafford,1994,0,0,1,0,0,0
1122202,Family,Faulkner,1995,1,0,1,0,0,0
1123687,Family,Frey,2002,1,0,0,0,0,0
1125132,Individual,Christensen,1985,1,1,1,1,1,0
1128183,Family,Bradley,2008,1,1,0,0,0,1
1131154,Family,Bass,1994,1,1,1,0,0,1
1135615,Family,Meyer,1984,1,0,0,1,0,1
1138784,Retiree,Whitney,1994,1,0,0,0,0,0
1143532,Individual,Sanders,1993,0,0,1,0,1,0
1146152,Couple,Jennings,2007,0,1,1,0,0,1
1147673,Family,Sosa,1989,0,0,1,0,0,0
1152102,Individual,Rollins,2006,0,0,1,1,0,0
1154838,Family,West,2006,0,1,1,0,0,0
1157283,Family,Olsen,1995,1,0,1,0,0,0
1163059,Couple,Hale,2007,1,0,0,0,1,0
1165096,Family,Hensley,1991,1,1,0,0,0,1
1167596,Individual,Wagner,1985,NULL,NULL,NULL,NULL,0,0
1172452,Family,Mcguire,1988,1,1,0,1,0,1
1174056,Family,Ortega,2002,1,1,1,1,0,0
1175574,Family,Stanley,2009,1,0,1,0,0,0
1178402,Individual,Mcintyre,1989,NULL,NULL,NULL,NULL,1,0
1182774,Couple,Santos,2009,0,0,1,0,0,0
1187070,Couple,Montes,2005,1,1,1,1,0,0
1189029,Retiree,Cervantes,2000,1,1,0,1,1,0
1192132,Family,Jacobs,1994,0,1,0,0,0,0
1194494,Family,Frye,1999,1,0,1,1,1,0
1195986,Couple,Nguyen,2012,1,0,1,0,0,0
1199884,Individual,Harris,2006,0,1,0,0,0,0
1204300,Individual,Perez,1994,NULL,NULL,NULL,NULL,0,0
1209079,Family,Huber,1979,0,1,1,0,0,0
1213189,Couple,Ellison,2011,0,1,0,0,1,0
1215513,Family,Bates,1993,NULL,NULL,NULL,NULL,0,0
1220482,Couple,Shepard,2014,1,0,1,0,0,0
1226015,Couple,Doyle,2010,1,0,0,0,0,0
1227345,Individual,Savage,2001,0,1,1,1,0,0
1228988,Family,Bush,2008,0,1,1,1,0,0
1232005,Couple,Bray,2008,1,0,1,0,0,0
1233847,Family,Fields,2011,1,0,1,0,0,1
1236472,Family,Ball,2000,1,1,1,1,0,1
1240649,Couple,Murillo,2008,0,0,1,1,0,0
1241836,Family,Madden,1996,NULL,NULL,NULL,NULL,0,0
1246104,Family,Herman,1994,0,0,1,1,0,1
1249187,Family,Moses,1997,1,1,1,1,0,0
1251621,Individual,Freeman,2008,0,1,1,1,0,0
1252744,Individual,Johns,1996,NULL,NULL,NULL,NULL,1,0
1254041,Couple,Walters,2008,1,0,1,1,1,0
1257174,Family,Zuniga,2018,1,1,1,0,1,0
1261047,Family,Acevedo,1996,1,0,1,0,1,0
1264023,Retiree,Pitts,1992,1,1,0,1,1,0
1266932,Individual,Patton,2009,0,1,0,0,0,0
1271836,Couple,Mcguire,2010,0,1,1,0,1,1
1273479,Family,Bond,1981,0,1,1,0,1,1
1277899,Couple,Gallagher,2009,0,0,1,1,1,0
1281654,Individual,Ball,2011,NULL,NULL,NULL,NULL,1,0
1285989,Couple,Rodgers,2010,1,0,0,0,1,0
1289765,Family,Morrison,2012,1,0,1,1,0,0
1291403,Individual,Mcintyre,2007,0,1,1,1,1,0
1294655,Family,Berger,2006,1,1,1,0,0,0
1296667,Couple,English,2010,0,1,1,1,0,1
1301121,Individual,Randall,2001,1,1,1,1,1,0
1303031,Individual,Griffith,1999,0,1,0,0,1,1
1305679,Family,Mendoza,1992,1,0,1,0,0,0
1309959,Couple,Yu,2008,0,1,1,0,0,0
1313105,Couple,Harrison,2006,NULL,NULL,NULL,NULL,1,0
1316758,Individual,Hicks,1999,NULL,NULL,NULL,NULL,1,0
1318763,Couple,Chavez,2010,0,1,1,0,1,0
1320517,Family,Hall,1995,1,0,0,0,1,0
1324876,Family,Foster,2011,1,0,1,0,0,0
1326031,Retiree,Baxter,1985,0,1,0,0,1,0
1330256,Individual,Forbes,1998,1,0,0,0,1,0
1332241,Couple,Gonzales,2009,1,1,1,1,0,0
1334564,Family,Mcclain,1996,0,0,1,0,0,0
1339006,Individual,Shah,2001,NULL,NULL,NULL,NULL,1,0
1340896,Family,Booker,1985,1,1,1,1,0,0
1343565,Family,Kim,2003,1,1,1,0,0,0
1346338,Individual,Bernard,1997,0,1,0,1,0,0
1349828,Family,Patton,1998,0,0,1,1,0,0
1351488,Family,Krause,1998,1,1,1,0,0,1
1354972,Retiree,Morris,2005,0,0,0,1,1,0
1356270,Individual,Lam,2017,NULL,NULL,NULL,NULL,1,0
1360186,Family,Williamson,1982,0,1,0,0,1,0
1363820,Individual,Flynn,1996,0,0,1,0,0,0
1368657,Individual,Perry,1996,NULL,NULL,NULL,NULL,0,0
1371669,Individual,Pena,2004,0,0,1,0,1,0
1372682,Couple,Nash,2015,1,0,0,1,1,0
1376288,Individual,Savage,2006,0,1,0,0,1,0
1380523,Family,Deleon,2003,0,1,0,0,0,1
1383945,Individual,Morales,1995,NULL,NULL,NULL,NULL,1,0
1388581,Family,Mayer,1992,0,1,1,0,0,1
1391645,Retiree,Marks,1988,1,1,0,0,0,0
1395437,Family,Terrell,2008,0,1,1,1,0,1
1396721,Couple,Humphrey,2011,1,0,0,0,1,1
1400470,Individual,Butler,2010,1,0,1,0,0,0
1404554,Individual,Mora,2001,0,1,0,0,1,0
1409110,Individual,Rangel,2016,0,0,1,1,0,0
1410784,Couple,Terrell,2007,0,1,1,0,0,0
1412711,Couple,Trujillo,2009,0,0,1,1,1,0
1416120,Couple,Yoder,2011,1,0,1,0,1,1
1418634,Individual,Swanson,2004,1,0,1,0,0,0
1422716,Family,Sanford,2009,0,1,1,0,1,1
1424987,Family,Sampson,2001,1,0,1,1,0,0
1429251,Family,Harris,1997,0,1,1,0,0,0
1432646,Retiree,Skinner,2006,1,1,0,0,1,0
1436672,Family,Butler,1984,1,1,1,1,0,1
1438033,Couple,Watts,2005,0,0,1,0,0,0
1444188,Individual,Neal,1999,0,1,1,0,1,0
1447759,Family,Stout,2000,1,1,1,0,0,1
1452473,Family,Grimes,1993,NULL,NULL,NULL,NULL,0,0
1453673,Individual,Wood,2004,0,0,1,0,1,0
1457942,Family,Baird,1985,0,0,1,0,0,0
1461003,Couple,Mcmillan,2010,0,0,1,0,1,0
1465635,Individual,Moody,1988,1,0,0,1,0,0
1467558,Family,Acevedo,1985,1,0,1,0,0,0
1469490,Couple,Travis,2011,0,1,0,0,0,0
1474023,Family,Mosley,2008,1,0,1,1,0,0
1476614,Family,Davenport,2001,0,1,1,1,0,0
1478758,Couple,Barron,2011,1,1,0,0,0,0
1483148,Couple,Vasquez,2010,1,1,1,1,0,0
1484551,Family,Ayala,1998,1,1,1,0,0,0
1486712,Family,Mahoney,2009,1,0,0,0,0,0
1488858,Individual,Tyler,1986,NULL,NULL,NULL,NULL,0,0
1490593,Individual,Page,2005,0,0,1,0,0,0
1494873,Family,Baxter,2002,0,1,1,0,0,0
1497290,Family,Grimes,2001,1,1,1,1,0,0
1498292,Individual,Schmitt,1999,NULL,NULL,NULL,NULL,0,0
1499725,Family,Gregory,2018,0,1,0,0,1,0
1501502,Family,Schultz,2011,1,1,1,1,0,0
1503571,Individual,Christensen,2008,0,0,1,0,1,0
1506475,Couple,Burch,2011,NULL,NULL,NULL,NULL,1,0
1511109,Individual,Soto,1998,NULL,NULL,NULL,NULL,1,0
1516285,Retiree,Gardner,1989,1,0,0,0,1,1
1519556,Individual,Galloway,1999,0,0,1,1,0,0
1524395,Family,Cabrera,2016,1,1,1,1,0,0
1528151,Couple,Hanna,2012,0,1,0,1,0,0
1532922,Retiree,Logan,1997,1,0,1,0,1,1
1536298,Family,Dougherty,1988,1,0,1,0,0,0
1537426,Individual,Donovan,1994,NULL,NULL,NULL,NULL,0,0
1541626,Family,Neal,2011,0,1,1,0,0,1
1546011,Family,Williamson,1991,0,1,0,0,0,0
1548263,Family,White,1993,1,1,1,0,0,1
1551368,Individual,Pittman,2009,0,0,1,0,0,1
1555632,Individual,Goodwin,1990,1,0,0,0,1,0
1556686,Family,Jones,2002,0,1,1,1,0,0
1560374,Family,Pugh,1998,1,0,0,0,0,0
1564200,Couple,Haney,2008,NULL,NULL,NULL,NULL,0,0
1567565,Retiree,Bowen,1996,1,1,0,1,0,0
1571895,Couple,Robles,2012,0,0,1,0,0,0
1573171,Individual,Dougherty,2008,NULL,NULL,NULL,NULL,0,1
1577003,Individual,Parker,1999,0,1,0,1,0,0
1579988,Family,Maddox,2004,0,0,1,0,1,1
1582257,Couple,Branch,2011,0,0,1,0,1,1
1584013,Individual,Hebert,2003,0,0,1,1,1,0
1588036,Family,Marshall,1992,0,1,1,0,0,0
1589365,Couple,Barton,2011,0,0,1,0,0,1
1592538,Family,Estrada,1991,0,1,1,1,0,0
1596413,Family,Leonard,2004,0,1,0,1,0,1
1598139,Family,Beltran,1992,0,1,1,1,1,0
1601588,Family,Floyd,2015,0,1,1,1,0,1
1606460,Individual,Davies,2009,0,1,1,1,0,0
1610989,Couple,Benson,2016,0,1,1,1,0,0
1613220,Family,Velazquez,1992,1,0,0,0,0,1
1614902,Individual,Skinner,1993,NULL,NULL,NULL,NULL,0,0
1619398,Retiree,Sims,1986,1,1,0,1,1,0
1623509,Couple,Reyes,2009,0,1,0,1,0,0
1627573,Family,Espinoza,2012,1,0,1,1,0,0
1629983,Individual,Adams,2009,NULL,NULL,NULL,NULL,1,0
1632415,Individual,Herman,1995,0,0,1,0,0,0
1634421,Individual,Barnett,1979,NULL,NULL,NULL,NULL,1,0
1637034,Couple,Krause,2009,0,0,1,0,1,0
1639250,Family,Pugh,2009,0,1,1,0,1,0
1641083,Couple,Young,2009,0,0,1,0,0,0
1644049,Individual,Lloyd,1993,0,0,1,0,0,0
1648490,Family,Quinn,1986,0,1,0,0,0,0
1652051,Individual,Poole,2003,NULL,NULL,NULL,NULL,1,0
1654677,Retiree,Calderon,1987,1,1,0,0,1,0
1657146,Family,Lawrence,2004,0,1,1,1,0,0
1659865,Family,Mclean,2012,1,0,1,1,0,0
1663767,Family,Howe,2005,1,1,1,1,1,0
1668643,Family,Hampton,2006,0,1,0,1,0,0
1672579,Individual,Grant,1995,NULL,NULL,NULL,NULL,1,0
1674001,Family,Christensen,1984,0,1,1,1,0,0
1675651,Couple,Bennett,2008,0,0,1,1,0,0
1680427,Individual,Gibson,2013,0,0,1,0,1,0
1684088,Family,Holt,1995,0,1,0,0,0,0
1692052,Family,Travis,1994,0,0,1,0,1,0
1693780,Couple,Fitzpatrick,2009,0,0,1,0,0,0
1694922,Couple,Landry,2009,0,1,1,1,0,0
1699696,Family,Bradford,2003,0,1,0,0,0,0
1701634,Retiree,Pace,1990,1,1,0,1,0,0
1705175,Couple,Hinton,2007,NULL,NULL,NULL,NULL,1,0
1706438,Retiree,Webster,1977,1,0,0,0,0,0
1709688,Family,Reed,2008,1,0,1,1,0,1
1713941,Couple,Howard,2011,0,0,1,0,1,0
1718595,Family,Lozano,2014,0,1,1,1,0,0
1721187,Family,Rocha,2015,1,1,1,1,1,0
1724554,Couple,Stevens,2010,NULL,NULL,NULL,NULL,0,0
1726324,Couple,Chaney,2007,1,0,1,1,1,0
1730743,Family,Baldwin,2012,1,0,1,0,0,0
1731829,Individual,Kim,2000,NULL,NULL,NULL,NULL,0,0
1735759,Family,Curry,2011,1,0,1,1,0,0
1740285,Couple,Simon,2012,1,0,1,1,1,0
1741605,Couple,Atkinson,2010,0,1,1,1,0,1
1743415,Individual,Osborn,2003,0,1,0,1,1,0
1746151,Individual,Young,1989,0,0,0,1,0,0
1749729,Family,Cooley,1994,0,1,0,0,0,0
1751516,Family,Casey,2000,0,0,1,0,0,0
1756041,Individual,Branch,1984,NULL,NULL,NULL,NULL,0,0
1760903,Family,Kim,2010,0,0,1,0,0,0
1764871,Family,Suarez,2002,0,1,1,1,0,1
1771339,Retiree,Keller,1989,1,1,0,0,0,0
1774920,Individual,Goodwin,1999,NULL,NULL,NULL,NULL,1,0
1776558,Couple,Kent,2009,1,1,1,1,0,1
1779047,Couple,Guerra,2010,1,1,0,1,0,0
1780225,Retiree,Herrera,1994,1,0,0,0,1,0
1781931,Retiree,Nolan,1998,1,0,0,0,0,0
1786831,Retiree,Haynes,2003,1,0,0,0,1,0
1788916,Individual,Wiggins,1988,0,0,1,0,1,0
1792070,Family,Abbott,2004,NULL,NULL,NULL,NULL,0,0
1793213,Retiree,Owen,1998,0,1,0,0,0,1
1794766,Family,Carroll,2014,0,0,1,1,1,0
1797613,Family,Mcclure,1981,1,1,1,1,0,0
1801427,Family,Woods,1991,0,1,1,1,1,1
1803157,Family,Moran,2001,1,1,1,0,0,0
1807963,Family,Reid,1998,0,0,1,0,1,0
1809280,Individual,Blackwell,2002,1,0,0,0,1,0
1813132,Couple,Thompson,2012,0,1,1,0,0,1
1815050,Family,Whitney,1997,1,0,1,0,0,0
1818390,Couple,Huang,2011,0,0,1,0,0,1
1825696,Family,Rose,1996,0,1,1,0,0,0
1827570,Family,Morales,2003,0,1,1,1,0,0
1830482,Retiree,Boyd,1989,1,0,0,1,0,0
1833649,Individual,Mccarty,1996,0,1,0,1,0,0
1835757,Individual,Ramirez,1982,0,0,1,0,0,0
1839337,Family,Velez,2008,1,0,1,0,1,0
1843135,Family,Burns,2016,1,0,1,0,0,1
1846997,Couple,Riggs,2014,0,0,1,1,0,0
1848581,Individual,Campbell,1988,0,0,0,1,0,0
1853430,Family,Shelton,1988,0,0,1,0,0,1
1857273,Family,Kline,1996,1,0,0,0,0,1
1859994,Family,Meadows,1989,1,0,1,1,0,1
1864088,Couple,Lane,2010,0,0,1,1,1,0
1865324,Family,Nichols,1994,0,0,1,0,0,1
1869417,Family,Rogers,1990,0,0,1,0,0,0
1872431,Family,Henson,2017,0,1,0,0,0,0
1875952,Individual,Sampson,2007,0,0,1,0,0,0
1877478,Family,Moon,2003,0,0,1,0,0,0
1880098,Family,Cooper,2011,0,1,0,0,0,0
1882482,Individual,Miller,2008,0,0,1,0,1,0
1885480,Individual,Knapp,2003,0,1,0,1,1,0
1889465,Individual,James,1999,0,0,1,0,1,0
1894242,Couple,Fleming,2008,1,1,0,1,0,0
1895429,Couple,Ho,2013,NULL,NULL,NULL,NULL,0,0
1899092,Family,Watts,1977,1,1,1,1,0,1
1903234,Family,Cannon,2004,1,0,0,0,1,0
1904924,Family,Mccoy,1997,1,1,0,1,0,0
1907790,Family,Crane,2003,NULL,NULL,NULL,NULL,1,0
1908890,Family,Stephens,2006,0,1,1,1,0,0
1912955,Family,Larson,2004,NULL,NULL,NULL,NULL,0,1
1914743,Retiree,Oneal,1998,1,0,0,0,1,0
1917652,Retiree,Ray,1991,1,0,0,0,1,0
1919356,Family,Love,1997,1,1,1,0,1,0
1920996,Family,Nixon,2016,0,1,1,0,0,1
1924334,Couple,Schroeder,2012,0,1,1,1,0,0
1926728,Couple,Campbell,2009,0,1,0,1,1,0
1931378,Family,Roach,2007,0,1,0,1,0,0
1932474,Retiree,Frey,2009,0,1,0,1,1,0
1935699,Couple,Moreno,2012,1,0,0,0,0,0
1940261,Family,Frey,2001,0,1,1,0,0,1
1944556,Retiree,Cisneros,2002,1,0,1,0,1,0
1946507,Family,Ray,2018,0,1,1,1,0,0
1949035,Individual,Davila,2015,NULL,NULL,NULL,NULL,1,0
1953955,Family,Golden,2009,1,0,1,0,1,0
1955204,Individual,Zuniga,2003,0,1,1,1,0,0
1958227,Family,Ellis,1987,0,1,1,0,1,0
1962501,Individual,Richard,2000,0,1,1,1,0,0
1964029,Family,Price,2004,0,0,1,0,0,0
1966234,Individual,Watson,2013,0,0,1,0,1,0
1968682,Couple,Potts,2011,0,1,0,0,1,0
1970146,Retiree,Ford,1978,NULL,NULL,NULL,NULL,0,0
1971416,Couple,Yoder,2009,1,1,1,1,1,0
1973347,Family,Haney,1990,1,0,1,1,0,1
1976282,Individual,Barry,1996,0,1,1,1,1,0
1978204,Individual,Mclaughlin,2004,0,1,1,1,1,0
1980777,Family,Mccall,1999,0,1,0,0,0,1
1984933,Couple,Spears,2009,1,1,0,1,1,0
1989297,Family,Smith,1996,0,1,1,1,0,0
1993285,Individual,Mahoney,2002,0,1,0,0,1,0
1995869,Family,Sanders,2018,1,0,1,0,0,0
1997742,Individual,Howe,1992,0,1,1,1,1,0
1999560,Individual,Duran,1984,NULL,NULL,NULL,NULL,0,0
2004103,Family,Marsh,2007,0,0,0,1,0,1
2008128,Couple,Shields,2008,1,0,1,0,1,0
2011106,Individual,Wong,2003,1,1,1,1,0,0
2015773,Couple,Singh,2011,1,1,1,1,0,0
2021844,Family,Dunn,1996,0,0,1,0,0,1
2026034,Family,Cisneros,1998,1,1,0,1,0,0
2030867,Couple,Stark,2012,0,1,1,0,0,0
2033362,Family,George,2000,1,1,1,1,1,0
2035131,Family,Mills,2011,0,1,1,1,0,1
2036451,Family,Smith,2002,1,0,0,1,1,1
2040399,Individual,Brock,2001,NULL,NULL,NULL,NULL,1,0
2043728,Family,Holt,2005,1,0,1,0,0,0
2045781,Retiree,Moody,2003,1,0,0,0,1,0
2048230,Individual,Maldonado,1987,NULL,NULL,NULL,NULL,0,0
2051070,Family,Weber,2016,1,0,1,1,1,1
2052768,Retiree,Velez,1997,0,1,0,0,1,0
2057761,Couple,Bowen,2013,0,1,1,0,1,0
2061170,Couple,Bond,2011,0,1,0,1,0,0
2065107,Family,Anderson,1989,0,1,1,0,0,0
2068122,Family,Villa,2003,1,1,1,1,0,0
2071204,Individual,Armstrong,2007,0,1,1,0,1,0
2075920,Family,Patrick,1993,0,1,0,0,0,0
2078205,Family,Nicholson,2005,1,1,1,0,0,0
2080136,Family,Williams,2007,1,1,0,0,0,0
2085133,Family,Hahn,1997,1,1,1,0,0,0
2088177,Family,Long,2005,1,1,1,0,0,0
2090575,Couple,Conley,2009,0,1,0,0,0,0
2092636,Family,Gibson,2013,NULL,NULL,NULL,NULL,0,1
2093665,Family,Fuentes,1997,0,1,1,1,0,1
2096259,Family,Mcgee,2010,0,0,1,0,0,1
2098316,Individual,Reid,2014,0,1,1,0,1,0
2101380,Family,Cruz,2015,1,1,1,1,0,1
2104315,Family,Hall,2015,1,1,1,1,0,0
2106780,Individual,Haney,1984,1,0,0,0,1,0
2109501,Family,Mccall,2013,1,0,1,1,0,1
2112677,Individual,Pollard,1989,0,1,1,0,0,0
2121231,Family,Hines,1991,1,1,0,1,0,0
2122893,Individual,Miller,1990,0,1,1,1,0,0
2126105,Retiree,Blankenship,2006,1,1,1,1,1,0
2129317,Family,Santana,1996,0,1,1,1,1,1
2130801,Individual,Pope,2001,0,0,1,0,1,1
2133755,Individual,Huynh,1997,0,0,1,1,1,0
2136873,Family,Morrow,1994,1,1,1,0,0,0
2137992,Retiree,Ochoa,2006,0,1,0,1,1,0
2142674,Family,Knox,1998,0,1,0,0,1,1
2147088,Family,Greene,1980,NULL,NULL,NULL,NULL,0,1
2151834,Family,Sosa,1999,0,1,1,0,0,0
2154159,Family,Hinton,1996,1,1,0,1,0,1
2156778,Individual,Cole,2013,NULL,NULL,NULL,NULL,0,0
2161022,Family,Pope,2010,1,0,1,1,1,0
2165967,Individual,Bowman,1981,0,1,0,0,1,0
2170584,Family,Palmer,1999,1,0,1,1,1,1
2174524,Individual,Vance,1995,0,0,0,1,1,0
2178089,Family,Hahn,1996,0,1,1,0,1,0
2179597,Individual,Gay,1998,0,1,0,0,1,0
2183218,Retiree,Morton,2010,1,0,0,0,1,0
2186634,Family,Deleon,2011,0,1,1,0,0,1
2188224,Retiree,Nelson,2006,1,0,0,0,1,1
2190886,Family,Edwards,1990,1,1,1,1,0,1
2195155,Individual,Sims,2000,0,0,1,1,0,0
2199428,Couple,Wyatt,2010,0,1,0,0,1,0
2202835,Family,Richardson,1986,1,1,1,1,1,0
2207273,Family,Pennington,2001,1,1,1,0,0,0
2209238,Family,Yoder,2010,0,1,1,0,0,1
2211981,Couple,Mcintyre,2011,0,0,1,0,0,0
2213366,Couple,Erickson,2009,1,0,1,1,0,0
2216022,Individual,Scott,2002,NULL,NULL,NULL,NULL,0,0
2220573,Family,Richardson,1993,1,1,0,1,1,0
2228901,Family,French,1981,0,0,1,0,1,0
2232784,Retiree,Hubbard,1985,0,1,0,0,1,0
2235351,Family,Coffey,1989,0,1,0,0,0,1
2238329,Individual,Valdez,1987,1,0,0,0,0,0
2241955,Couple,Cowan,2008,NULL,NULL,NULL,NULL,0,0
2246209,Individual,Steele,2001,0,0,1,0,1,0
2248382,Individual,Coleman,2007,0,0,0,1,1,0
2250141,Individual,Ritter,2006,0,0,1,0,0,0
2254281,Couple,French,2006,0,1,1,0,1,1
2255509,Individual,Hood,2002,0,1,0,1,1,0
2256608,Family,Wu,2000,1,1,1,0,0,0
2259506,Family,Wilcox,2001,0,1,1,1,0,1
2263623,Family,Ruiz,1999,1,0,0,1,0,1
2265157,Family,Howard,2006,0,0,1,0,0,1
2267466,Family,Reeves,1999,1,1,0,1,0,0
2272107,Family,Parks,2004,0,0,1,1,0,1
2276741,Family,Osborn,1997,0,1,1,1,1,1
2278614,Individual,Douglas,2006,NULL,NULL,NULL,NULL,0,0
2280183,Couple,Schultz,2010,0,1,1,1,0,0
2282091,Family,Monroe,1999,0,1,1,1,0,1
2283339,Family,Walters,2004,0,1,1,1,0,1
2287633,Family,Valenzuela,2003,0,0,1,0,0,0
2290232,Family,Duffy,2001,0,1,0,0,0,1
2292782,Family,Bryant,2013,1,1,1,1,0,0
2297551,Individual,Brooks,1993,NULL,NULL,NULL,NULL,0,0
2298646,Family,Friedman,2005,0,0,1,0,1,0
2301802,Family,Fowler,1993,0,1,1,0,0,0
2306577,Family,Keith,1994,0,1,1,1,0,1
2309837,Family,Pittman,1990,0,1,1,0,0,1
2314799,Individual,Cooper,1977,0,0,1,0,0,0
2317908,Family,Bright,1994,1,1,0,0,1,0
2320882,Family,Olsen,1986,0,1,1,1,0,0
2325853,Individual,Roy,2006,NULL,NULL,NULL,NULL,0,0
2330495,Retiree,Burgess,2010,1,0,0,1,1,0
2335429,Family,Kemp,1984,1,1,0,1,1,0
2338829,Family,Lam,2014,0,1,1,0,0,0
2342715,Family,Reid,1994,1,0,1,0,0,0
2346546,Family,Lester,1981,0,0,1,0,0,0
2348172,Retiree,Le,1986,1,0,0,0,0,0
2351814,Couple,Church,2009,0,0,1,1,1,1
2355592,Individual,Whitehead,1989,NULL,NULL,NULL,NULL,1,0
2359084,Individual,Winters,1988,0,1,1,1,0,0
2360182,Retiree,Strickland,1991,1,1,0,0,1,0
2361807,Family,Mcgrath,2010,1,0,0,0,0,0
2364953,Family,Bryan,2011,0,1,1,1,0,0
2366815,Family,Hawkins,1985,0,0,1,0,0,0
2369870,Family,Shaw,1997,1,0,0,1,0,0
2373072,Individual,Guzman,2012,0,1,0,1,1,0
2375198,Family,Chandler,1991,0,1,1,0,1,0
2378980,Family,Orozco,2003,0,1,1,1,0,0
2381061,Family,Mayer,1980,1,1,1,1,0,1
2387872,Family,Finley,1990,1,0,1,0,0,1
2391903,Individual,Mann,2014,0,0,1,0,1,1
2396721,Retiree,Mccall,1987,1,1,0,0,1,1
2399344,Individual,Costa,2017,0,0,1,0,0,0
2401887,Individual,Bell,2008,1,1,0,1,0,0
2409255,Family,Maldonado,2005,1,1,1,1,0,0
2412160,Family,Hanson,1995,1,1,1,1,1,0
2414020,Individual,Rivers,2008,NULL,NULL,NULL,NULL,0,0
2424863,Family,Lee,2010,1,0,1,1,0,0
2427466,Family,Hurst,2002,0,1,1,1,0,0
2431049,Couple,Sanford,2011,1,0,1,0,0,1
2434723,Family,Fleming,1997,0,0,1,1,0,0
2438166,Couple,Evans,2012,0,1,0,0,1,0
2441890,Individual,Hess,1994,0,0,1,0,1,0
2446044,Retiree,Fitzpatrick,1998,1,1,0,0,0,0
2449885,Family,Welch,2008,1,0,1,0,1,0
2454040,Individual,Matthews,1978,0,1,1,0,0,0
2458405,Individual,Wiggins,1994,NULL,NULL,NULL,NULL,1,0
2461142,Family,Whitney,2003,1,0,0,0,0,1
2464344,Family,Fletcher,1996,0,1,1,0,1,0
2470509,Individual,Gates,2003,0,0,1,1,1,0
2473654,Couple,English,2011,NULL,NULL,NULL,NULL,0,0
2478282,Individual,Howell,2006,0,1,0,0,0,0
2482344,Couple,Baxter,2011,NULL,NULL,NULL,NULL,0,0
2486927,Couple,Randolph,2010,0,1,0,0,1,0
2490712,Family,Benson,1996,1,1,1,0,0,0
2492719,Family,Vasquez,1999,1,0,0,1,0,1
2496738,Individual,Petty,1988,NULL,NULL,NULL,NULL,0,0
2499043,Family,Dodson,1992,0,1,1,0,0,1
2501120,Couple,Hoover,2009,0,0,1,0,0,1
2502292,Family,Horne,2015,0,0,1,0,1,1
2505318,Individual,Blake,2006,NULL,NULL,NULL,NULL,1,0
2510059,Couple,Abbott,2011,0,0,1,1,0,0
2513909,Family,Bates,2011,0,1,1,0,0,0
2517643,Family,Anderson,1997,1,0,1,1,0,0
2521870,Family,Dunn,2013,1,0,1,0,1,0
2526747,Family,Gibbs,1997,0,0,1,1,0,1
2528200,Family,Pitts,1993,0,1,1,1,1,0
2530842,Retiree,Beck,1983,1,1,0,0,0,0
2535793,Couple,Holder,2009,0,0,1,0,1,0
2539749,Family,Madden,1998,1,0,0,0,0,1
2542545,Retiree,Sosa,2003,1,0,0,0,1,0
2544681,Family,Sanders,1987,0,0,1,1,0,1
2546571,Family,Flores,1985,1,1,1,0,1,0
2549081,Family,Lucero,1996,0,1,1,1,0,0
2552585,Family,Mejia,2012,0,0,1,0,0,0
2554473,Family,Rosales,1985,1,1,0,0,0,0
2557398,Family,Blake,1984,0,0,1,0,0,0
2559077,Family,Dixon,2011,1,0,1,1,0,1
2561928,Family,Watson,1996,0,1,1,0,1,0
2565199,Family,Cisneros,1998,1,1,1,0,0,0
2568380,Individual,Mccullough,1997,NULL,NULL,NULL,NULL,1,0
2572522,Family,Harrington,1997,0,1,0,0,0,0
2576917,Family,Hobbs,2014,0,1,0,1,0,1
2581551,Couple,Duran,2008,0,1,0,0,1,0
2584716,Individual,Benitez,1993,0,1,1,0,1,0
2586716,Couple,Cardenas,2009,0,0,1,0,1,0
2588770,Family,Petersen,1990,NULL,NULL,NULL,NULL,0,1
2591135,Family,Ochoa,1994,1,0,1,0,0,1
2593640,Individual,Krause,1992,0,1,0,0,0,0
2597300,Individual,Madden,2004,NULL,NULL,NULL,NULL,1,0
2599444,Family,Osborn,2007,1,1,1,0,0,0
2603896,Individual,Collier,1993,0,0,1,1,1,0
2605208,Couple,Roth,2011,0,0,1,0,0,0
2607443,Family,Reilly,2013,0,1,1,0,1,0
2612384,Couple,Ray,2008,1,1,0,1,0,0
2616593,Individual,Oneal,2007,1,0,1,1,0,0
2619117,Retiree,Fleming,1992,1,1,0,1,1,0
2623119,Family,Hudson,1989,0,1,1,0,0,0
2625798,Family,Fuentes,2002,0,1,1,0,0,0
2628906,Individual,Greene,1989,0,1,0,0,0,0
2629953,Retiree,Holden,1997,1,1,0,0,0,0
2631815,Family,Mann,1982,0,1,1,0,0,1
2635883,Family,Savage,1993,0,0,1,0,0,0
2638727,Family,Pugh,1972,0,1,0,0,0,1
2641993,Couple,Robinson,2008,0,1,0,0,1,0
2645341,Family,Mahoney,2005,1,1,1,1,0,1
2648019,Individual,Bowers,2017,NULL,NULL,NULL,NULL,0,0
2651080,Retiree,Gutierrez,1991,1,1,0,1,0,0
2653779,Individual,Wagner,2018,1,0,0,0,0,0
2654828,Family,Villegas,2004,1,1,1,1,0,1
2658380,Family,Quinn,2001,0,0,1,0,0,1
2659511,Family,Fields,1998,1,1,1,1,0,0
2664043,Individual,Mayo,1986,0,1,1,1,1,0
2668547,Individual,Lam,1992,0,1,1,1,0,0
2671472,Family,Boyd,2004,0,0,1,0,0,0
2672614,Family,Daniels,2012,1,1,1,1,0,0
2674131,Family,Mejia,1976,1,1,0,0,0,0
2676686,Couple,Tyler,2009,0,0,1,1,0,0
2678210,Family,Chen,2004,1,1,0,0,0,0
2681597,Individual,Zamora,1996,0,0,1,1,1,0
2683092,Individual,Dudley,1989,0,1,0,0,0,0
2686932,Family,Meadows,2013,1,0,1,1,1,1
2688526,Individual,Burke,1992,0,1,0,0,1,0
2691353,Individual,Faulkner,1992,0,0,1,0,0,0
2693322,Family,Hubbard,2008,0,1,1,0,1,1
2696411,Family,Kline,2006,1,0,1,1,0,0
2699466,Family,Arias,2009,1,0,0,0,0,0
2700751,Family,Henson,1978,1,0,0,0,0,1
2705288,Individual,Mcgee,1995,0,1,1,0,1,0
2707277,Family,Butler,2004,0,1,1,1,0,0
2711250,Family,Orozco,2010,1,0,1,1,0,0
2714183,Individual,Bean,1993,0,0,0,1,0,1
2716017,Couple,Carlson,2007,0,0,1,1,0,0
2718365,Family,Macdonald,2000,0,1,0,0,0,1
2719599,Individual,Ayala,2004,0,1,0,0,1,0
2722786,Individual,Liu,2009,NULL,NULL,NULL,NULL,0,0
2725339,Family,Jones,1988,0,1,0,0,0,1
2728195,Family,Fritz,1993,1,1,1,0,0,1
2733096,Family,Luna,1994,1,0,0,0,0,0
2736227,Family,Carroll,2018,1,0,1,1,0,1
2740817,Individual,Phelps,2014,NULL,NULL,NULL,NULL,1,0
2743012,Retiree,Boyer,1997,1,0,0,0,0,0
2747300,Couple,Martin,2010,0,0,1,0,1,0
2749081,Couple,Riley,2009,0,1,1,1,1,0
2752706,Family,Garza,2003,1,0,1,0,0,1
2756513,Family,Schultz,1984,1,1,1,1,0,1
2757860,Individual,Andrews,2009,0,1,1,1,1,0
2761094,Retiree,Washington,1989,0,1,0,0,0,0
2763591,Individual,Hall,1991,0,1,0,0,1,0
2764757,Family,Blanchard,1996,0,1,0,0,0,1
2769401,Couple,Velez,2011,0,1,1,1,1,0
2773612,Family,Murray,2005,0,1,1,1,0,1
2774910,Family,Baird,2006,1,0,1,0,1,1
2779286,Family,Love,1994,0,1,1,0,0,0
2780464,Individual,Roth,2003,0,0,1,0,0,1
2784287,Couple,Delgado,2009,1,1,1,1,1,0
2789040,Family,Davila,2004,0,1,1,0,0,1
2791981,Couple,Boyer,2011,1,0,1,0,1,0
2793858,Retiree,Hubbard,1981,1,0,0,0,0,0
2797023,Individual,Schneider,2018,1,0,0,0,0,0
2800730,Family,Pena,1999,0,0,1,0,0,0
2804840,Couple,Dudley,2009,0,0,1,0,0,0
2806084,Individual,Walls,2008,0,0,1,0,1,0
2808820,Family,Hendricks,1994,0,1,1,1,1,0
2812308,Individual,Mclaughlin,2007,0,0,1,0,1,0
2816635,Retiree,Webb,2002,1,0,0,0,1,0
2819599,Family,Gonzales,2009,1,0,1,0,0,1
2821626,Family,Dalton,1990,1,0,0,0,0,1
2824995,Family,Zimmerman,2012,0,0,1,0,0,1
2827319,Individual,Charles,2000,0,0,1,0,1,0
2830668,Individual,Cooley,2006,1,1,0,0,0,0
2834002,Family,Hooper,1994,0,0,1,0,0,0
2837816,Individual,Cochran,1995,1,1,0,0,0,0
2840630,Family,Franco,1994,1,1,1,1,0,0
2844601,Retiree,Kirby,1997,NULL,NULL,NULL,NULL,1,0
2846331,Individual,Frey,1993,0,0,1,0,1,0
2847628,Family,Anderson,2007,1,1,1,1,0,0
2849770,Family,Watkins,1982,0,0,1,0,0,1
2852473,Family,Wong,1989,1,0,0,1,0,1
2857205,Retiree,Huynh,1982,1,0,0,0,1,0
2860018,Family,Grant,1994,1,1,1,0,0,0
2862990,Family,Christian,1990,0,0,1,1,0,0
2865728,Family,Hickman,1996,1,1,0,0,0,1
2866999,Family,Reeves,2000,1,0,0,1,0,1
2871305,Retiree,Blake,1980,1,1,0,1,0,0
2875046,Individual,Huffman,1990,NULL,NULL,NULL,NULL,0,0
2878129,Family,Fischer,2000,0,1,0,0,0,0
2881109,Family,Espinoza,2006,0,1,1,0,0,0
2883999,Family,Cantu,1998,0,0,1,0,0,1
2888853,Family,Mosley,1982,0,1,1,0,0,0
2890248,Couple,Chung,2008,NULL,NULL,NULL,NULL,1,0
2891511,Individual,Gentry,1988,0,1,0,1,0,0
2893463,Individual,Clay,2004,0,1,1,1,0,0
2897002,Family,Everett,1996,0,0,1,0,0,0
2902792,Individual,Bowen,2002,0,0,0,1,1,0
2905443,Couple,Adams,2013,1,1,1,1,1,0
2908315,Family,Waters,2010,1,1,1,1,0,0
2910791,Individual,Carrillo,2009,NULL,NULL,NULL,NULL,1,0
2913922,Family,Rasmussen,2005,1,0,1,1,0,0
2916808,Family,Munoz,2008,1,0,1,0,0,0
2918135,Couple,Castillo,2011,1,0,1,1,1,0
2919549,Retiree,Cordova,1993,1,0,0,0,0,1
2924456,Family,Perkins,1996,0,1,0,0,1,0
2925761,Individual,Serrano,1997,0,1,1,0,1,0
2928423,Family,Kennedy,2001,0,0,1,0,0,1
2929510,Retiree,Evans,1999,1,0,0,1,1,1
2931117,Family,Goodwin,1998,0,1,0,1,0,1
2933327,Family,Meadows,1987,0,1,1,0,0,1
2935716,Family,Parrish,1998,0,1,1,1,0,0
2936746,Retiree,Woodard,2009,1,1,1,1,1,0
2940251,Family,Wilson,1992,0,1,1,0,0,0
2944835,Family,Kelly,2002,1,1,0,0,0,0
2946103,Individual,Yu,2008,0,0,1,1,1,0
2951024,Family,Tyler,1992,1,1,0,0,0,0
2952659,Couple,Chandler,2009,0,1,1,0,1,0
2956066,Individual,Christian,2007,1,0,1,1,1,1
2960091,Individual,Hayes,1991,0,0,1,0,0,0
2961379,Individual,Hardin,1999,NULL,NULL,NULL,NULL,1,0
2963096,Family,Meadows,1990,0,0,0,1,0,1
2965917,Family,Skinner,2007,0,1,1,1,0,0
2970162,Individual,Ramos,2001,0,1,1,1,1,0
2973736,Family,Bradley,2007,0,1,1,1,0,0
2976699,Couple,Stanley,2013,0,1,0,0,0,0
2980434,Individual,Johns,2001,NULL,NULL,NULL,NULL,0,0
2981972,Family,Johns,1996,1,1,1,0,0,0
2985831,Family,Patterson,2014,0,1,1,0,0,1
2990713,Individual,Andersen,1992,0,1,0,0,0,0
2994194,Couple,Warner,2010,0,0,1,0,1,1
2997441,Family,Ferguson,1999,1,0,1,0,0,1
3002155,Family,Donaldson,1994,0,1,1,0,1,0
3003536,Individual,Chambers,2006,NULL,NULL,NULL,NULL,1,0
3006710,Individual,Anthony,1977,NULL,NULL,NULL,NULL,1,0
3010276,Individual,Marks,1989,0,1,0,1,0,0
3013239,Family,Patel,2015,0,1,1,0,0,0
3016951,Family,Howard,2001,0,0,1,1,0,0
3018255,Couple,Beck,2013,NULL,NULL,NULL,NULL,0,0
3021283,Family,Mendez,1991,1,0,1,1,0,0
3023705,Couple,Walters,2009,NULL,NULL,NULL,NULL,0,0
3024908,Family,Peterson,2000,0,0,1,1,0,0
3027195,Couple,Skinner,2007,1,1,1,0,0,1
3029238,Family,Maxwell,2003,1,0,1,1,0,0
3030536,Family,Fleming,1999,0,1,1,1,0,0
3034789,Retiree,Barber,1982,1,1,0,0,1,0
3039170,Family,Arnold,2008,1,1,1,1,0,1
3042983,Couple,Ritter,2008,0,1,1,1,0,0
3044618,Family,Roach,2000,1,0,1,1,0,0
3049226,Family,Rogers,2012,0,1,1,0,1,0
3050336,Individual,Barron,2008,NULL,NULL,NULL,NULL,0,0
3054345,Family,Rodriguez,2004,0,0,1,1,0,0
3055623,Family,Stein,2000,0,0,1,1,0,0
3057152,Individual,Pena,1977,0,1,0,0,0,0
3061680,Individual,Alvarado,2005,0,1,1,1,1,0
3065308,Individual,Simmons,1991,0,1,0,1,1,0
3069579,Individual,Duran,1995,NULL,NULL,NULL,NULL,1,0
3071563,Family,Huerta,1988,0,0,1,1,0,0
3075917,Individual,Mendez,2008,0,1,0,1,1,1
3078987,Family,Leonard,1992,1,1,1,1,0,1
3082075,Individual,Berg,1998,0,1,1,1,0,0
3085229,Family,Pierce,1988,0,1,0,0,0,0
3087802,Family,Wilkins,2000,1,0,1,1,1,1
3092777,Individual,Frye,2004,1,1,0,0,0,0
3095254,Individual,Duran,1987,0,1,1,1,0,1
3097596,Family,Arroyo,2008,1,0,0,0,1,1
3099838,Family,Blevins,1999,0,1,1,1,0,1
3104085,Couple,Lucero,2008,1,1,1,1,1,0
3106829,Family,Hancock,1996,1,0,1,0,0,0
3108877,Family,Valdez,2003,1,1,1,1,0,0
3111643,Family,Jones,1981,1,1,1,1,0,0
3114432,Individual,Salinas,1990,0,1,0,0,0,0
3119306,Family,Logan,2003,1,1,1,1,1,0
3122391,Couple,Garner,2011,0,0,1,0,0,0
3127178,Individual,Dickerson,1993,NULL,NULL,NULL,NULL,1,1
3131922,Couple,Arroyo,2004,0,1,1,0,0,0
3135425,Family,Mccarty,2013,1,0,1,1,0,0
3137964,Individual,Schaefer,1987,NULL,NULL,NULL,NULL,1,1
3140166,Individual,Mosley,1993,1,1,1,1,1,0
3141192,Family,Ewing,1991,0,0,1,0,0,0
3142916,Individual,Curtis,1990,0,1,0,0,1,0
3147853,Couple,Baker,2011,1,1,1,0,0,0
3151518,Family,Pugh,2011,1,1,1,1,0,0
3155312,Couple,Castro,2007,1,1,1,0,0,0
3159885,Couple,Booth,2008,0,1,1,0,0,0
3161134,Family,Hanson,2006,0,0,1,0,0,0
3164855,Retiree,Hodges,2005,NULL,NULL,NULL,NULL,1,0
3166647,Family,Gentry,2013,1,1,1,1,1,1
3167882,Couple,Burke,2009,1,0,0,0,0,0
3169890,Retiree,Escobar,2005,1,1,0,1,1,0
3172467,Family,Wade,2017,0,1,1,0,0,1
3176821,Individual,Newman,2003,NULL,NULL,NULL,NULL,1,1
3178966,Family,Barajas,1998,1,1,1,0,1,1
3183214,Retiree,Pierce,1997,0,1,0,0,1,0
3187214,Couple,Johnson,2015,0,1,1,0,1,1
3189015,Family,Miles,1985,1,1,1,0,1,1
3193286,Family,Skinner,2002,0,1,1,1,0,0
3197958,Family,Galvan,1992,NULL,NULL,NULL,NULL,1,1
3201406,Family,Harrington,2007,0,1,1,1,0,0
3204992,Couple,Frank,2010,1,0,0,1,1,0
3206921,Family,Lara,1971,0,0,1,0,0,0
3210802,Family,Brown,1981,1,0,1,1,0,1
3212124,Individual,Duran,1992,1,1,0,0,0,0
3215850,Family,Key,2006,1,1,1,0,0,0
3217763,Family,Montoya,1998,1,1,0,0,1,0
3220770,Couple,Mccarty,2006,0,0,1,0,1,0
3225615,Individual,Gallagher,1999,NULL,NULL,NULL,NULL,1,1
3227064,Couple,Fuller,2010,1,0,0,0,1,0
3230191,Couple,Weiss,2011,1,0,0,0,0,0
3234296,Family,Mcmahon,2000,0,1,1,0,0,0
3236206,Family,Cobb,2006,NULL,NULL,NULL,NULL,0,1
3239672,Family,Roberson,2011,0,0,1,0,1,0
3241014,Individual,Mcbride,1990,NULL,NULL,NULL,NULL,0,0
3243772,Couple,Bruce,2012,0,1,1,0,1,0
3245904,Family,Hart,1977,1,1,1,1,0,0
3250238,Couple,Shepherd,2010,0,1,1,0,0,1
3253560,Family,Mccann,1990,1,1,1,1,0,0
3257597,Individual,Hendricks,2004,1,1,1,0,0,0
3260980,Couple,Becker,2005,1,0,1,0,1,0
3265807,Family,Velasquez,1988,0,0,1,0,0,1
3267723,Couple,Houston,2008,0,1,1,1,0,0
3269329,Family,Huerta,1996,1,0,1,1,1,0
3272035,Family,Watkins,2003,1,0,1,0,0,1
3276368,Family,Beard,1999,0,0,1,0,0,1
3283805,Family,Dunlap,2000,1,0,1,1,0,0
3285304,Couple,Chan,2009,0,0,1,1,0,1
3289617,Individual,Holt,1977,0,0,1,0,1,1
3292049,Family,Chan,1994,0,0,1,1,1,0
3295468,Family,Douglas,1984,0,0,1,0,0,0
3299770,Family,Robbins,2004,0,0,1,0,0,0
3302911,Couple,Villa,2011,0,1,1,0,1,0
3305240,Family,Patrick,2000,0,0,1,1,0,1
3307151,Retiree,Strickland,2008,1,0,0,1,0,0
3311188,Family,Hanson,1995,0,1,0,0,0,0
3315541,Individual,Estrada,2001,0,1,0,0,1,0
3320319,Family,Greene,2000,1,1,1,0,0,1
3322841,Family,Barton,1994,1,0,1,1,0,1
3325730,Retiree,Ford,2001,1,0,0,0,1,0
3327706,Family,Wilkins,1991,0,0,1,0,0,1
3332655,Individual,Zuniga,2006,NULL,NULL,NULL,NULL,1,0
3337161,Family,Leonard,2015,1,0,1,0,0,1
3340106,Couple,Lawson,2010,NULL,NULL,NULL,NULL,1,0
3345090,Family,Brady,1997,NULL,NULL,NULL,NULL,0,1
3347803,Family,Kline,2003,0,1,1,1,1,0
3352075,Individual,Rowland,1986,1,0,1,1,1,0
3353294,Family,Barnes,1995,1,1,0,0,0,0
3356570,Individual,Haney,1998,0,1,1,0,1,0
3358779,Couple,Byrd,2009,NULL,NULL,NULL,NULL,0,1
3361582,Individual,Delacruz,2002,0,1,0,1,1,0
3366214,Family,Riddle,1998,1,0,1,1,0,1
3370421,Family,Carney,1999,0,0,1,1,1,1
3373489,Couple,Frank,2011,0,1,0,0,0,0
3377384,Family,Porter,2009,1,0,0,0,1,1
3385069,Couple,Schaefer,2009,1,0,1,0,1,0
3389360,Family,Roberson,2013,0,1,1,0,0,0
3391550,Family,Harvey,1997,1,0,0,0,1,1
3396134,Family,Hendricks,2018,1,0,1,1,0,0
3397512,Retiree,Osborn,1985,NULL,NULL,NULL,NULL,0,0
3399859,Family,Bradley,2003,1,1,1,0,1,0
3401263,Individual,Gutierrez,1994,NULL,NULL,NULL,NULL,1,0
3405376,Family,Johnston,1998,1,1,1,1,0,1
3408188,Family,Hernandez,1983,0,1,1,1,0,1
3410064,Family,Dudley,1987,0,1,1,1,0,1
3414747,Couple,Patton,2008,0,1,1,0,0,0
3418144,Family,Norton,1994,0,1,1,1,0,1
3423093,Couple,Sexton,2012,1,0,0,0,1,0
3426102,Individual,Kidd,1991,0,1,1,0,1,0
3428867,Couple,Sosa,2014,NULL,NULL,NULL,NULL,1,0
3430021,Individual,Townsend,1989,0,1,0,0,1,0
3433883,Retiree,Whitney,2006,1,0,0,0,1,0
3435981,Individual,Chen,2008,NULL,NULL,NULL,NULL,0,0
3438143,Family,Barron,2008,1,0,0,1,0,1
3439259,Individual,Rocha,2009,NULL,NULL,NULL,NULL,0,0
3441239,Family,Scott,1994,0,0,1,1,0,1
3443612,Family,Ortega,1981,0,0,1,0,1,1
3446000,Family,Hays,2003,1,1,0,0,0,0
3448396,Individual,Mcdowell,1998,0,1,1,1,1,0
3452858,Individual,Blevins,2015,NULL,NULL,NULL,NULL,1,0
3457458,Couple,Foley,2012,0,0,1,1,0,0
3458695,Couple,Mendoza,2011,0,0,1,0,0,0
3463026,Couple,Rollins,2011,1,0,1,0,0,0
3471457,Family,Henderson,2001,1,0,1,1,0,1
3474537,Family,Branch,2001,1,0,1,0,0,0
3478480,Family,Yu,1983,0,0,1,0,0,1
3480891,Family,Forbes,2000,0,1,1,0,0,0
3485796,Individual,Doyle,2002,NULL,NULL,NULL,NULL,0,0
3486992,Family,Day,2007,1,1,1,0,0,0
3488910,Family,Winters,2005,0,0,1,0,0,1
3491236,Couple,Chang,2015,NULL,NULL,NULL,NULL,1,0
3493772,Family,Howard,2001,0,1,0,0,0,0
3495273,Family,Daugherty,2004,0,1,0,0,0,1
3500119,Family,Mcintosh,2001,0,0,1,0,1,1
3504025,Family,Patterson,1998,1,1,0,1,1,0
3506467,Family,Wheeler,2016,1,1,1,1,0,1
3508143,Couple,Colon,2011,0,0,1,0,0,1
3509913,Family,Bauer,1994,0,1,1,0,1,0
3514270,Family,Adkins,1986,1,1,1,1,0,1
3518865,Individual,Ellison,2008,1,0,1,1,0,0
3522247,Individual,Shelton,1996,NULL,NULL,NULL,NULL,1,0
3526144,Family,Riddle,2013,1,1,1,1,0,0
3532250,Family,Maldonado,1998,1,1,1,1,0,0
3535725,Family,Serrano,1982,1,0,1,1,0,1
3540382,Couple,Morgan,2010,0,0,1,1,0,0
3543359,Individual,Harrell,1993,1,1,0,1,0,0
3546755,Family,Nelson,2006,1,1,1,1,0,1
3548434,Family,Vincent,2017,0,1,1,1,0,0
3552969,Family,Guerrero,1985,1,0,1,0,0,1
3555916,Individual,Gillespie,1996,0,1,0,0,0,0
3558820,Couple,Wilkinson,2011,1,1,1,0,0,1
3563658,Retiree,Harper,2000,1,0,0,0,1,0
3567441,Individual,Ware,1995,NULL,NULL,NULL,NULL,1,0
3572092,Couple,Yoder,2014,0,0,1,0,1,1
3573154,Individual,Collier,2002,0,0,1,1,1,0
3575436,Family,Chen,1996,0,1,1,0,0,1
3577647,Retiree,Mccann,1993,1,1,0,1,1,1
3584108,Family,Cabrera,1983,0,0,1,0,0,1
3588585,Family,Rosales,2005,NULL,NULL,NULL,NULL,1,0
3592425,Retiree,Martin,2000,1,0,1,1,0,0
3595682,Family,Callahan,2000,NULL,NULL,NULL,NULL,0,0
3598201,Family,Patton,2002,0,1,1,0,0,1
3602297,Individual,Duffy,2002,0,1,0,0,0,0
3605906,Family,Brandt,1997,1,1,0,1,0,0
3610735,Individual,Munoz,2003,NULL,NULL,NULL,NULL,0,1
3612853,Family,Spence,2013,1,0,1,0,0,0
3614519,Family,Foley,1983,1,1,1,1,0,0
3616092,Family,Hardin,1996,0,0,1,0,1,0
3620646,Family,Ballard,1994,1,1,1,1,1,1
3622317,Family,Swanson,1998,0,1,0,0,0,0
3625721,Couple,Webb,2010,1,0,1,1,0,0
3627885,Individual,Ashley,1998,NULL,NULL,NULL,NULL,0,0
3632208,Family,Mccormick,1988,1,1,1,0,0,0
3635757,Family,Collins,2005,1,0,0,0,0,1
3637540,Individual,Gentry,1988,0,1,1,1,0,0
3642100,Family,Kirk,2013,1,1,1,1,0,1
3646777,Family,Hayden,1994,0,1,1,0,0,0
3650609,Family,Middleton,2000,1,0,1,1,1,1
3652180,Family,Bush,1989,1,1,1,1,0,0
3657144,Couple,Morrison,2011,1,0,1,1,0,0
3660229,Couple,Schwartz,2011,0,1,0,0,1,0
3662303,Family,Horne,2010,1,1,1,1,0,0
3665622,Family,Todd,1991,0,1,0,1,0,1
3667069,Family,Roth,2015,1,1,1,1,0,1
3668803,Family,Gross,2004,1,1,0,0,0,1
3670552,Couple,Hebert,2010,1,1,0,1,0,0
3673920,Family,Valenzuela,1999,0,1,1,0,0,0
3676806,Family,Hunter,2013,1,0,0,1,0,0
3683689,Retiree,Banks,1998,NULL,NULL,NULL,NULL,1,0
3685258,Individual,Luna,2004,1,1,0,1,1,1
3688619,Individual,Lynch,2016,0,1,0,0,0,1
3691741,Individual,Valenzuela,1996,NULL,NULL,NULL,NULL,1,0
3695674,Couple,Conrad,2010,1,0,0,0,0,0
3698377,Family,Mays,1990,0,0,1,0,0,1
3700237,Couple,Rush,2007,0,0,1,1,0,0
3704411,Individual,Proctor,2009,NULL,NULL,NULL,NULL,0,0
3705914,Family,Macias,1990,0,0,1,0,0,1
3707838,Family,Vincent,2008,0,1,1,1,0,0
3710544,Family,Cobb,1987,NULL,NULL,NULL,NULL,0,0
3713337,Family,Phillips,1988,0,1,1,0,0,1
3716666,Family,Bowman,2003,0,1,1,0,0,0
3720400,Family,Saunders,1990,1,1,0,0,0,1
3723949,Family,Briggs,2003,0,1,1,0,1,1
3727256,Family,Gallagher,1983,0,0,1,1,1,1
3732019,Individual,Smith,2009,0,0,1,0,0,0
3736609,Family,Rowland,2000,1,0,1,0,0,0
3738050,Couple,Joseph,2007,0,0,1,0,0,0
3742684,Family,Whitehead,2015,1,1,1,1,1,1
3746516,Couple,Higgins,2010,NULL,NULL,NULL,NULL,0,0
3751155,Family,Mccann,2005,NULL,NULL,NULL,NULL,0,1
3755091,Family,Vincent,1994,0,1,1,1,0,0
3759807,Family,Lucero,1984,1,1,1,0,1,0
3761813,Family,Bradshaw,2014,1,1,1,0,0,0
3764734,Family,Singh,1998,0,1,1,0,0,1
3769266,Family,Levy,2005,1,1,1,1,1,0
3774195,Couple,Pham,2010,0,0,1,0,1,0
3777898,Couple,Cannon,2009,1,0,0,0,1,1
3779112,Individual,Cohen,1996,NULL,NULL,NULL,NULL,0,0
3781536,Individual,Conley,1998,0,1,0,0,1,0
3782608,Couple,Trevino,2010,1,1,1,0,0,0
3783692,Retiree,Norris,1999,1,0,0,1,0,0
3787948,Couple,Singh,2014,0,0,1,0,0,1
3791644,Individual,York,1998,0,0,0,1,1,0
3792751,Couple,Hooper,2007,NULL,NULL,NULL,NULL,0,0
3795043,Family,Mcdowell,1994,0,0,1,0,0,1
3796426,Family,Hutchinson,2004,1,0,1,0,0,1
3798957,Individual,Nolan,1990,NULL,NULL,NULL,NULL,1,0
3801898,Family,Howell,2013,1,1,0,0,0,1
3803066,Couple,Ray,2015,0,0,0,1,1,0
3804560,Individual,Owens,2008,0,0,1,0,1,1
3808647,Family,Paul,2000,1,0,1,0,0,0
3811459,Family,Brock,2003,0,1,1,0,0,0
3815091,Individual,Buck,2006,0,0,1,0,1,0
3816197,Family,Hayes,2011,1,1,1,1,0,0
3818873,Family,Ross,2014,0,0,1,0,0,0
3822578,Individual,Bailey,1996,0,1,0,1,0,0
3826702,Individual,Ferguson,2007,1,1,1,1,0,0
3830352,Couple,Price,2011,NULL,NULL,NULL,NULL,0,0
3833248,Individual,Clarke,2007,NULL,NULL,NULL,NULL,1,0
3835983,Family,Norton,1986,1,1,1,1,0,0
3837925,Couple,Fowler,2007,1,0,1,1,0,1
3839678,Retiree,Casey,1998,1,1,0,1,1,0
3843294,Family,Pugh,2003,0,1,1,1,0,0
3847775,Family,Ware,1978,0,1,1,1,1,0
3848963,Couple,Orozco,2009,1,0,1,0,0,0
3850657,Individual,Nielsen,1999,NULL,NULL,NULL,NULL,1,0
3852136,Couple,Fuller,2011,1,0,1,1,0,1
3854495,Family,Montoya,2000,0,0,1,0,0,0
3857982,Family,Snow,2003,1,1,0,1,0,0
3860736,Family,Burch,1991,0,1,1,1,0,1
