Member_Number,Membership_Type,Family_Name,Year_Joined,Golf_payment,Tennis_payment,Pool_payment,Dining_payment,Other_payment,Promo_1,Promo_2
102365,Family,Hancock,2006,NULL,NULL,3271,3312.05,2152.46,0,1
105078,Family,Spears,2002,NULL,NULL,3343,4728.73,NULL,1,0
106225,Family,Foster,1995,NULL,NULL,NULL,1239.06,NULL,0,0
109320,Individual,Williamson,1992,NULL,NULL,NULL,5424.58,NULL,1,0
112823,Family,Deleon,2010,NULL,NULL,6088,1421.67,4661.68,0,1
116919,Individual,Wiggins,2001,5335.76,1510,1100,2111.90,NULL,0,0
120189,Family,Anderson,1988,NULL,1585,NULL,281.45,NULL,0,0
121621,Couple,Spears,2008,6013.09,1880,1780,6266.41,NULL,1,0
124368,Individual,Golden,1996,2145.71,NULL,NULL,5550.13,587.70,1,0
126871,Individual,Melton,1991,5020.00,NULL,NULL,6076.54,NULL,1,0
129169,Couple,Carroll,2016,1978.70,NULL,1058,4285.46,NULL,0,0
131644,Family,Sims,2008,2244.74,1770,5280,4290.76,NULL,0,0
133532,Family,Lawson,2002,NULL,1765,1992,2622.69,4057.61,0,1
134985,Family,Mills,1988,NULL,1770,NULL,3927.30,3866.48,1,1
138347,Family,Sutton,1992,NULL,NULL,NULL,577.26,1118.79,0,0
142270,Family,Atkinson,1996,NULL,NULL,500,NULL,NULL,0,0
146287,Family,Sullivan,1989,NULL,NULL,833,2461.60,NULL,0,0
148621,Family,Mclaughlin,1988,NULL,NULL,NULL,5841.85,NULL,1,0
152014,Family,Burns,1996,NULL,NULL,4100,1909.71,3084.41,0,1
155249,Individual,Arnold,1995,4965.75,NULL,NULL,1665.66,536.75,0,0
159968,Retiree,Serrano,1990,3951.11,NULL,NULL,3370.48,2118.22,1,0
161738,Couple,Dickson,2011,NULL,NULL,3552,2761.49,NULL,0,0
162946,Retiree,Mercado,1998,2793.14,1610,NULL,3014.57,2126.77,1,0
165724,Family,Robbins,1996,NULL,NULL,NULL,4386.44,NULL,1,0
167379,Family,Summers,2016,NULL,NULL,6508,2968.84,1872.11,0,1
169577,Couple,Dunn,2007,5660.00,2020,1734,3936.98,2257.76,0,0
173706,Family,Fletcher,1993,NULL,NULL,6406,1658.91,2618.40,0,0
178488,Individual,Avila,1995,2677.69,2045,NULL,5186.09,NULL,1,0
182851,Individual,Hahn,2006,NULL,1575,NULL,2699.24,1019.71,0,0
186402,Individual,Jones,1997,2236.78,1890,NULL,2986.80,NULL,1,0
191336,Family,Atkins,1989,NULL,NULL,2460,1376.47,3491.66,0,1
192859,Retiree,Shaw,1994,3135.64,2845,NULL,997.40,2952.02,0,1
195143,Individual,Hooper,2002,NULL,NULL,NULL,5134.36,670.29,1,0
196804,Individual,Gordon,2005,6621.17,2445,1330,921.58,4657.29,0,1
199949,Individual,Bautista,1999,NULL,1835,NULL,5676.38,1037.55,1,0
201084,Couple,Snyder,2008,NULL,1560,2132,4626.74,1490.90,0,0
204765,Family,Allen,2000,NULL,1550,746,2133.41,3835.90,0,1
207447,Family,Pitts,2008,NULL,NULL,2025,2795.32,NULL,0,0
211063,Individual,Giles,1983,NULL,NULL,NULL,5667.68,NULL,1,0
215358,Family,Harvey,2001,NULL,NULL,2798,1154.79,2335.23,0,1
218292,Family,Mclaughlin,1999,NULL,NULL,1594,1140.17,1311.94,0,0
221431,Family,Boyer,2006,NULL,NULL,4851,4501.99,2193.36,0,0
226305,Family,Melton,1999,NULL,1640,2228,6072.72,NULL,1,0
227657,Couple,Thompson,2009,3053.07,NULL,1380,7534.27,NULL,1,0
230845,Individual,Holmes,2002,3049.37,NULL,NULL,1664.27,2163.25,0,1
231992,Family,Clements,2007,NULL,NULL,3539,NULL,261.15,0,0
233431,Family,Shannon,1988,NULL,1640,807,2895.72,3679.64,1,1
236245,Individual,Little,2002,2751.06,NULL,NULL,6304.96,NULL,1,0
238304,Family,Taylor,1984,NULL,1520,NULL,NULL,NULL,0,0
240578,Family,Mora,2005,NULL,1640,3092,3837.30,2468.49,0,1
243489,Couple,Mcguire,2013,1937.09,NULL,1961,6965.47,2030.20,1,0
245301,Retiree,Mann,1973,10026.57,3355,NULL,2776.53,NULL,1,0
249899,Couple,Tapia,2012,NULL,1695,2759,7211.50,493.92,1,0
253699,Individual,Powers,1983,NULL,NULL,NULL,4079.17,3651.38,1,0
258218,Family,Mccarty,2006,NULL,1495,809,5678.49,NULL,1,0
260208,Family,Shah,1988,NULL,NULL,NULL,2579.17,1755.84,0,1
262066,Family,Baker,2013,NULL,NULL,1421,1225.72,3206.69,0,1
264955,Retiree,Lynch,1987,NULL,NULL,NULL,3571.30,NULL,1,0
268483,Family,Mckinney,1980,NULL,NULL,NULL,2616.54,NULL,0,0
273463,Couple,Freeman,2008,NULL,NULL,3051,7465.30,914.04,1,1
276760,Family,Davenport,1990,NULL,NULL,695,872.21,1819.21,0,0
281164,Couple,Sosa,2011,1876.93,1835,3095,6085.14,NULL,1,0
282211,Couple,Mathis,2010,2168.53,NULL,2233,7021.08,NULL,1,0
283883,Family,Oconnell,1983,NULL,NULL,3798,353.92,NULL,0,0
286629,Individual,Weiss,2005,1928.74,NULL,2152,4861.56,837.27,1,0
291478,Retiree,Moyer,2002,5214.27,NULL,NULL,3956.69,NULL,1,0
295319,Family,Lamb,2010,NULL,NULL,1254,NULL,528.78,0,1
299355,Couple,Terry,2008,6478.32,2175,1210,3491.39,NULL,0,0
302032,Individual,Buchanan,2014,NULL,NULL,2028,4259.03,1363.54,1,0
306505,Family,Duncan,2000,NULL,NULL,NULL,2239.30,1805.26,0,1
308076,Family,Frank,2003,NULL,NULL,1871,912.41,2434.16,0,1
312931,Family,Hamilton,1989,NULL,NULL,NULL,NULL,NULL,0,0
314055,Family,Nash,2007,NULL,NULL,2852,4941.02,701.07,1,0
315290,Individual,Elliott,1998,1662.60,NULL,NULL,5452.83,235.15,1,0
316379,Family,Gonzalez,1989,NULL,NULL,1162,1340.74,1055.54,0,0
319921,Couple,Mendez,2010,5632.67,1575,NULL,3898.92,NULL,0,0
321515,Couple,Bruce,2009,NULL,NULL,920,4370.19,379.13,0,0
324820,Family,Maddox,2010,NULL,NULL,4100,2559.90,NULL,0,0
327628,Family,Walters,1995,NULL,1870,1600,5273.25,NULL,0,0
328936,Retiree,Grimes,2002,1233.88,NULL,NULL,3786.44,4050.32,1,1
333066,Retiree,Perry,1998,7564.92,1900,NULL,1260.49,NULL,0,0
336081,Individual,Gilmore,1989,5682.74,NULL,NULL,1841.24,NULL,0,0
337751,Family,Wong,1993,NULL,NULL,2226,4060.13,3271.16,0,1
339608,Family,Moran,2000,NULL,NULL,1940,4325.19,1198.25,1,0
341930,Individual,Simmons,1997,7435.52,1965,1052,918.05,666.83,0,0
345427,Family,Stevenson,1997,NULL,1540,1590,NULL,3257.05,0,1
348065,Family,Stanley,2004,NULL,NULL,3000,3319.88,NULL,1,0
350511,Family,Dodson,2005,NULL,NULL,3409,1404.38,446.60,0,0
355087,Individual,Day,1990,4628.84,2000,NULL,2529.52,NULL,0,0
359996,Individual,Snyder,1988,NULL,NULL,NULL,5883.04,NULL,1,0
363024,Family,Moran,2006,NULL,NULL,1600,1509.44,1943.31,0,0
367481,Family,Simmons,1982,NULL,NULL,NULL,4002.65,3280.20,0,1
369955,Family,Ritter,2011,NULL,NULL,3037,4806.42,120.88,1,0
372756,Individual,Fields,2010,NULL,2000,1369,2254.15,1709.70,0,1
374784,Couple,Durham,2010,1497.51,NULL,2790,3426.96,NULL,0,0
379538,Family,Castaneda,1997,NULL,NULL,2511,2097.32,NULL,0,0
383235,Family,Durham,1988,NULL,1610,3306,5657.15,3048.39,1,1
386221,Family,Stark,1983,NULL,1835,NULL,2217.06,4693.70,0,1
390375,Family,Anderson,2001,NULL,NULL,5071,2237.79,849.30,0,0
395022,Family,Lutz,1992,NULL,NULL,1775,NULL,NULL,0,0
397766,Retiree,Warner,2011,3397.83,1560,549,590.87,NULL,0,0
401318,Family,Matthews,1999,NULL,1685,3248,988.18,NULL,0,0
404702,Family,Campos,2014,NULL,NULL,2939,1318.78,NULL,0,0
408288,Family,Orozco,1993,NULL,NULL,NULL,736.84,421.55,0,0
411823,Retiree,Hull,1978,NULL,NULL,NULL,3012.71,NULL,1,0
416616,Individual,Glenn,2000,NULL,1560,605,507.39,NULL,0,0
421605,Individual,Francis,2002,4604.89,2530,NULL,6499.95,NULL,1,0
423724,Couple,Stafford,2010,NULL,NULL,1951,6873.11,NULL,1,0
428013,Family,Wolf,2009,1104.08,NULL,3481,2215.85,NULL,0,0
430377,Family,Sawyer,2006,NULL,NULL,NULL,2958.72,529.99,0,0
431583,Couple,Clements,2011,1854.43,NULL,2546,4521.97,3108.58,0,1
433976,Family,Mullen,2001,NULL,NULL,3153,984.15,904.60,0,0
438056,Family,Ballard,1998,NULL,NULL,1226,2502.82,820.27,0,0
441489,Couple,Gilmore,2009,3741.67,NULL,3437,4086.15,711.22,0,0
445147,Couple,Ford,2011,NULL,NULL,1613,7602.22,2103.94,1,0
449908,Couple,Medina,2011,1355.20,NULL,581,5904.12,NULL,1,0
451307,Individual,Raymond,2011,NULL,2055,1333,5713.31,NULL,1,0
454071,Family,Tran,2003,3674.73,NULL,NULL,6456.99,1097.11,1,0
458518,Individual,Torres,2009,NULL,1585,1902,3920.18,NULL,1,0
460443,Individual,Rice,2015,NULL,1675,2237,6736.83,4436.16,1,1
465760,Family,Hatfield,1999,NULL,NULL,NULL,3142.83,3696.35,0,1
469384,Family,Nicholson,2004,NULL,NULL,3900,2201.45,2637.22,0,1
474350,Family,Burnett,1989,NULL,NULL,787,NULL,NULL,0,0
477447,Individual,Pratt,1991,NULL,NULL,NULL,2710.99,629.07,0,0
479379,Individual,Parrish,2010,7498.24,2925,592,983.42,4135.38,0,1
482737,Retiree,Moss,1997,NULL,NULL,NULL,2974.20,1064.98,1,0
486185,Couple,Conner,2013,5808.52,NULL,2877,5008.15,NULL,0,0
489747,Individual,Montgomery,2017,1041.31,NULL,2614,1570.16,806.73,0,0
494514,Family,Brewer,1995,NULL,NULL,950,NULL,4726.05,0,1
498423,Retiree,Clayton,1989,NULL,NULL,NULL,3906.07,NULL,1,0
499617,Couple,Neal,2009,1165.23,NULL,3008,3027.70,NULL,0,0
502570,Family,Mayer,2003,NULL,NULL,4758,5153.32,NULL,1,0
506000,Family,Joyce,2015,NULL,NULL,3423,4728.92,6633.17,0,1
510099,Couple,Rosario,2011,1430.90,1500,2371,2724.76,572.21,0,0
513147,Retiree,Diaz,1983,NULL,NULL,NULL,3482.66,NULL,1,0
516341,Family,Lowery,2000,NULL,NULL,4153,NULL,4551.87,0,1
521065,Individual,Vance,2008,1429.70,1560,1830,3493.57,309.12,0,0
522640,Family,Hancock,2014,NULL,NULL,3285,3824.18,1013.15,1,1
526499,Individual,Floyd,1988,NULL,1750,NULL,4327.67,NULL,0,1
528066,Family,Tucker,2002,NULL,NULL,NULL,645.96,NULL,0,0
529512,Individual,Powell,1996,NULL,NULL,500,426.51,4319.44,0,1
534441,Retiree,Shaw,1992,5031.78,2730,NULL,2130.66,201.34,1,0
535951,Family,Jarvis,2012,NULL,NULL,1147,3056.73,368.32,0,0
538307,Individual,Chapman,1984,NULL,NULL,NULL,3780.01,2132.64,1,0
542502,Couple,Schmitt,2010,NULL,NULL,2630,3783.63,748.73,0,0
544758,Couple,Buchanan,2010,NULL,NULL,2373,4423.98,NULL,0,0
545890,Family,Watts,1988,NULL,NULL,3236,3088.40,NULL,0,0
547095,Couple,Roth,2008,NULL,1675,1974,5170.95,1197.88,1,0
551149,Couple,Santiago,2010,1509.56,NULL,1739,3046.18,NULL,0,0
553803,Family,Landry,2007,NULL,1535,5146,NULL,NULL,0,0
555567,Couple,Davis,2009,NULL,1815,1222,6422.07,530.39,1,0
559790,Family,Richards,1981,NULL,NULL,NULL,4084.27,377.21,1,0
562900,Family,Hendrix,2004,2740.44,2305,2307,1379.08,NULL,0,0
566808,Family,Dunlap,1995,NULL,NULL,NULL,279.54,NULL,0,1
570876,Family,Gonzales,2001,NULL,NULL,1619,6045.49,1049.19,1,0
573633,Individual,Mcintyre,1996,NULL,NULL,1267,3461.28,NULL,0,0
576848,Family,May,2007,NULL,NULL,4088,6543.00,958.40,0,0
580188,Couple,Ortega,2009,8490.08,1925,2015,7537.61,5227.10,1,1
581895,Individual,Michael,1987,9601.20,1980,NULL,5769.50,365.81,1,0
585307,Family,Rojas,1994,NULL,NULL,NULL,2505.22,1984.02,0,1
589246,Family,Sutton,2002,NULL,1575,2006,4815.56,NULL,0,0
593157,Retiree,Lucero,1974,4223.77,1835,NULL,3345.70,997.25,1,1
597195,Individual,Pham,2007,NULL,1555,1637,1828.69,NULL,0,0
600879,Family,Browning,1991,NULL,NULL,4341,5703.59,2354.55,1,1
604919,Family,Rodriguez,2004,NULL,NULL,913,244.94,776.94,0,0
608496,Individual,Knox,1998,NULL,NULL,823,4001.56,NULL,1,0
610216,Couple,Boyd,2008,NULL,NULL,2435,5241.88,196.29,0,0
615138,Individual,Robertson,2009,2225.24,2295,NULL,1667.87,216.88,0,0
616917,Retiree,Pittman,1982,2277.30,NULL,NULL,3057.26,1578.70,1,0
618630,Family,Hogan,1992,NULL,1905,NULL,3221.01,632.97,0,0
620714,Couple,Moyer,2010,1728.95,1585,3867,4183.74,635.65,0,0
623340,Family,Castillo,1992,NULL,1910,3716,NULL,211.67,0,0
625444,Individual,Lowe,1998,NULL,1620,NULL,3601.32,231.13,0,0
630272,Retiree,Finley,1982,NULL,NULL,NULL,3706.02,889.59,1,0
634831,Family,Hurst,1991,NULL,NULL,1686,2630.00,NULL,1,0
638951,Individual,Robinson,1974,1067.51,2270,NULL,4874.43,220.10,1,0
646029,Couple,Bruce,2010,NULL,NULL,1161,4654.84,309.89,0,0
650747,Individual,Orozco,1996,7799.30,2345,NULL,4532.84,480.16,1,0
653596,Individual,Cobb,1993,2202.17,NULL,1078,1792.88,NULL,0,0
655953,Family,Gonzales,2010,NULL,NULL,3445,3366.45,NULL,0,0
657442,Individual,Shannon,1998,NULL,NULL,NULL,2655.24,1596.32,1,1
661271,Individual,Oneill,2000,NULL,NULL,521,1083.27,NULL,0,0
663354,Retiree,Ellison,1996,7828.90,2935,NULL,3475.55,NULL,1,0
666482,Family,Nichols,2009,NULL,NULL,1492,3864.78,NULL,0,0
668328,Couple,Hines,2010,4045.84,2380,2689,5947.88,NULL,1,0
670921,Family,Baker,1990,NULL,NULL,NULL,2906.68,3543.01,0,1
673168,Family,Collier,2015,NULL,NULL,2344,1933.20,4655.34,0,1
675701,Individual,Dixon,1996,NULL,NULL,NULL,2676.58,NULL,0,0
676835,Individual,Zamora,2009,NULL,NULL,2052,1096.04,NULL,0,0
678988,Individual,Mckinney,2004,4107.43,2195,NULL,3370.00,730.38,0,0
683096,Family,Conner,1987,NULL,1555,4100,3751.74,NULL,0,0
686832,Individual,Deleon,2000,4540.11,2565,1507,2633.38,291.83,0,1
689333,Family,Hubbard,2009,NULL,NULL,2395,1951.36,NULL,0,0
691414,Family,Chavez,2006,NULL,NULL,4100,2661.44,2127.71,0,1
696089,Individual,Bass,1993,8035.65,2750,NULL,3160.24,239.91,0,0
700823,Individual,Hooper,2008,NULL,NULL,2228,3098.93,NULL,1,0
704053,Family,Alvarado,2004,NULL,NULL,NULL,NULL,1204.30,0,1
708615,Family,Potter,2009,NULL,NULL,3000,5558.67,1321.35,1,0
713540,Couple,Rojas,2008,NULL,NULL,2295,3806.32,NULL,0,0
715094,Retiree,Blevins,1997,5449.14,2110,NULL,3845.95,NULL,1,0
719961,Family,Nunez,2006,NULL,NULL,3800,2540.92,2037.94,1,1
723858,Individual,Tyler,1985,NULL,NULL,NULL,4852.36,NULL,1,0
727322,Family,Sherman,2008,NULL,NULL,NULL,936.69,2194.79,0,1
728871,Family,Hudson,2003,NULL,1845,4119,1101.93,3071.96,0,1
733349,Couple,Liu,2010,2361.14,NULL,2345,3627.44,4883.59,0,1
737144,Family,Riddle,1998,NULL,NULL,4286,NULL,2478.82,0,1
741837,Family,Clements,1990,NULL,NULL,4262,4208.89,3162.67,1,1
745906,Couple,Lindsey,2006,NULL,NULL,657,6186.07,3468.39,1,1
747463,Family,Bullock,2015,NULL,NULL,2700,3257.93,NULL,1,0
750238,Couple,Haynes,2007,NULL,NULL,548,4786.50,495.76,1,0
754165,Retiree,Barry,1995,8236.61,3055,NULL,2698.52,357.04,1,0
755899,Family,Cherry,2000,3905.69,1695,2094,1951.11,NULL,0,0
758662,Family,Flynn,1997,4798.93,1575,2555,5221.72,647.02,0,0
761278,Individual,Taylor,1988,1884.59,NULL,NULL,3647.06,1428.44,1,0
762913,Family,Carter,1997,NULL,NULL,NULL,2600.95,3223.05,0,1
766896,Family,Fields,2004,NULL,NULL,NULL,498.13,2144.11,0,1
769793,Family,Holloway,1989,NULL,1555,2370,NULL,NULL,0,0
774400,Family,Barron,1993,NULL,NULL,1898,1338.41,1270.81,0,1
777273,Family,Hart,2012,NULL,2020,721,NULL,362.41,0,0
779975,Family,Petersen,1993,NULL,NULL,NULL,7481.03,601.37,1,0
786587,Couple,Weeks,2011,3227.88,1630,2117,5637.90,1510.87,1,0
788080,Family,Boyer,2013,NULL,NULL,4600,4364.66,706.06,0,0
791028,Individual,Shaw,2001,NULL,NULL,NULL,4634.46,1589.23,1,0
792662,Retiree,Grimes,1985,NULL,NULL,NULL,1006.39,753.31,0,0
795102,Couple,Curtis,2012,NULL,1740,2976,3748.71,2352.88,0,0
799338,Family,Schaefer,2006,NULL,NULL,1600,3569.66,635.99,0,0
803041,Family,Kidd,1980,NULL,NULL,NULL,937.66,NULL,1,0
805009,Individual,Kelly,2009,1287.24,NULL,NULL,3422.59,1789.98,1,0
808426,Family,Gilbert,1996,NULL,NULL,NULL,99.90,NULL,0,0
812662,Family,Kirk,1996,NULL,NULL,2189,3824.49,4714.34,0,1
815418,Couple,Mahoney,2014,5872.43,NULL,2531,2341.96,NULL,0,0
817862,Couple,Sherman,2009,NULL,NULL,2365,2344.21,NULL,0,0
819110,Couple,Mcdonald,2012,NULL,NULL,3483,2696.68,247.89,0,0
822370,Couple,Acevedo,2009,5488.73,1630,2343,2794.59,2157.96,0,0
826210,Couple,Benitez,2013,NULL,NULL,2744,5867.91,NULL,0,0
827392,Individual,Hampton,2004,NULL,NULL,NULL,4252.23,1281.98,0,1
829626,Family,Howell,1995,NULL,NULL,NULL,2090.72,2617.95,1,1
832843,Individual,Willis,1994,3246.05,NULL,NULL,1672.35,118.03,0,0
837283,Family,Robbins,2002,NULL,NULL,1781,3947.49,3960.37,0,1
839476,Couple,Crawford,2008,NULL,NULL,755,5275.67,2203.38,1,0
845117,Retiree,Howell,2003,14961.66,2685,NULL,3214.96,197.91,1,0
846792,Individual,Dalton,2007,4451.15,1900,NULL,2468.77,778.26,0,0
848615,Family,Terrell,2005,NULL,NULL,3182,8135.87,271.60,1,0
851528,Individual,Stevenson,1990,NULL,NULL,NULL,783.73,740.97,0,0
855964,Individual,Walter,1990,6291.96,2140,NULL,3003.96,NULL,0,0
859884,Family,Mcgee,1979,NULL,NULL,NULL,6282.65,3770.30,0,1
864879,Family,Galvan,1992,NULL,1625,553,815.71,NULL,0,0
868296,Family,Moreno,2004,NULL,NULL,NULL,3732.96,2038.26,1,1
870172,Couple,Vega,2009,8030.75,2955,1976,6677.81,1679.63,1,0
872550,Family,Good,2010,1407.61,1805,NULL,NULL,NULL,0,0
875317,Couple,Nolan,2012,NULL,NULL,532,3450.07,5317.02,0,1
879980,Family,Coffey,1996,NULL,NULL,NULL,4179.07,NULL,1,0
883858,Family,Wright,1996,NULL,NULL,NULL,3279.99,573.79,0,0
887343,Individual,Bass,2009,4727.32,2010,NULL,1151.30,1687.61,0,0
889761,Family,Ortiz,2008,NULL,2000,5027,3054.10,1318.40,0,0
894301,Individual,Wolfe,2002,NULL,1685,751,4460.76,1190.23,1,0
898861,Family,Faulkner,1994,NULL,NULL,NULL,6712.59,334.59,1,0
903490,Couple,Hicks,2009,1225.79,NULL,1232,3911.07,NULL,0,0
905509,Couple,Esparza,2008,2472.99,NULL,2432,4401.21,3723.10,0,1
907364,Family,Pacheco,1985,NULL,NULL,NULL,649.99,343.71,0,0
911276,Family,Gibson,2007,NULL,NULL,1834,NULL,3043.09,0,1
915251,Couple,Hobbs,2011,NULL,NULL,1327,7181.45,NULL,1,0
919352,Family,Kline,2009,NULL,NULL,5426,3918.84,NULL,0,0
922289,Family,Terrell,1986,NULL,NULL,1160,5139.73,4179.82,0,1
926487,Family,Bennett,1996,NULL,NULL,5406,5277.90,NULL,0,0
931315,Couple,Hebert,2009,NULL,NULL,837,4539.86,NULL,1,0
935953,Family,Frye,2011,NULL,NULL,4024,NULL,NULL,0,0
940803,Couple,Rangel,2010,NULL,NULL,3765,5321.64,NULL,1,0
945187,Family,Mcfarland,2017,NULL,NULL,4223,2050.42,149.28,0,0
948191,Couple,Payne,2012,NULL,NULL,1724,5718.41,NULL,1,0
951471,Family,Armstrong,2007,NULL,NULL,3000,4097.19,1861.76,0,1
955123,Family,Kemp,1994,NULL,NULL,NULL,7653.53,NULL,0,0
956155,Individual,Hanson,1990,1368.61,NULL,NULL,1670.69,NULL,0,0
960114,Individual,Davenport,2015,5545.50,1825,655,1950.18,287.77,0,0
964981,Individual,Velez,2005,3032.48,2020,843,5967.81,NULL,1,1
966202,Family,Myers,1983,NULL,1640,577,4330.16,228.56,0,0
970835,Couple,Rodgers,2005,NULL,NULL,903,2901.34,3911.58,0,1
971894,Individual,Moore,1987,1187.69,1815,NULL,2597.25,NULL,0,0
976284,Individual,Crawford,2007,3073.14,1495,NULL,2232.94,1306.07,0,0
979219,Family,Pitts,1990,NULL,NULL,715,3923.28,1547.54,1,0
980372,Family,Hatfield,1992,NULL,NULL,2484,4851.53,966.09,1,0
983087,Couple,Stafford,2011,NULL,1575,4492,5999.71,781.85,1,0
986091,Family,Ponce,2002,NULL,NULL,4993,3934.51,1395.38,0,0
990733,Family,Conway,1993,NULL,NULL,3688,5159.44,NULL,0,0
995501,Individual,Brewer,1989,1252.21,NULL,NULL,2396.42,NULL,0,0
998139,Family,Peters,2012,NULL,NULL,1945,408.38,2005.27,0,1
1000431,Individual,Beard,1987,4190.82,NULL,NULL,2418.80,NULL,0,0
1001950,Family,Golden,1987,NULL,1665,850,487.61,NULL,0,0
1003542,Individual,Wilkinson,2018,NULL,NULL,2462,1101.02,NULL,0,1
1005953,Family,Bridges,2005,NULL,NULL,NULL,5380.51,3882.01,1,1
1009231,Individual,Strong,1987,NULL,NULL,NULL,4201.65,514.85,0,0
1011843,Family,May,2003,NULL,NULL,1488,385.26,NULL,0,0
1016570,Family,Mora,2003,NULL,NULL,890,3532.92,203.94,1,0
1020611,Couple,Leon,2011,NULL,NULL,2245,5607.14,NULL,0,0
1025030,Couple,Kaufman,2009,1939.88,1935,1971,6159.34,1439.06,1,0
1027362,Family,Simon,1994,NULL,NULL,1798,4383.80,188.07,0,0
1028894,Family,Wall,2003,2523.67,1905,4576,404.32,1250.81,0,1
1030382,Family,House,2001,NULL,NULL,6720,4783.64,NULL,0,0
1034751,Couple,Gamble,2011,1240.19,NULL,NULL,4068.26,2872.42,1,1
1038136,Individual,Hendricks,1993,1794.80,NULL,NULL,1192.69,1315.81,0,0
1039872,Individual,Weaver,2005,3488.28,2465,NULL,2678.43,3864.27,0,1
1044783,Retiree,Richards,1999,1183.76,NULL,NULL,3938.65,NULL,1,0
1049507,Couple,Dalton,2011,NULL,NULL,2996,5125.58,501.73,1,0
1052583,Family,Turner,2005,NULL,NULL,2945,1129.23,NULL,1,0
1056377,Couple,Gentry,2009,NULL,NULL,721,7462.78,NULL,1,0
1059990,Couple,Murillo,2012,NULL,2055,4309,3017.69,178.02,0,0
1061605,Family,Foley,2002,NULL,NULL,856,2259.12,NULL,0,0
1064679,Family,Fisher,2002,NULL,NULL,2034,3082.05,5568.53,0,1
1068041,Family,Massey,1987,NULL,NULL,NULL,269.24,NULL,0,0
1071469,Individual,Gill,1998,NULL,NULL,1249,3462.36,159.66,1,0
1073881,Family,Parsons,1983,NULL,NULL,NULL,4113.19,NULL,0,0
1078249,Couple,Reynolds,2012,NULL,NULL,1409,3743.16,NULL,0,0
1080001,Family,Mcdonald,2005,NULL,NULL,2444,9441.27,4227.59,1,1
1084969,Couple,Peck,2013,NULL,NULL,1983,3273.38,NULL,0,0
1088168,Individual,Mora,2005,5142.99,2760,1128,976.06,255.23,0,0
1091117,Couple,Duarte,2012,8550.76,2600,1615,3976.41,1528.47,0,1
1094715,Individual,Vaughn,1981,2909.61,1945,NULL,1764.86,441.20,0,0
1098249,Family,Wolf,2002,NULL,NULL,3068,3058.32,NULL,0,0
1102348,Family,Padilla,1995,NULL,NULL,5916,NULL,NULL,0,1
1106118,Individual,Hudson,1997,5507.65,2730,NULL,1509.07,3947.10,0,1
1108192,Individual,Dominguez,2013,5378.03,2000,NULL,3525.56,NULL,1,0
1111131,Retiree,Reyes,1981,2354.99,NULL,NULL,2759.64,1854.78,1,0
1113671,Family,Poole,2004,NULL,NULL,NULL,487.80,1560.33,0,1
1118111,Family,Montoya,1984,NULL,NULL,2756,75.27,368.26,0,0
1120110,Family,Stafford,1994,NULL,1495,NULL,2857.43,NULL,0,0
1122202,Family,Faulkner,1995,NULL,NULL,1797,2296.25,1025.72,0,0
1123687,Family,Frey,2002,NULL,NULL,1147,2570.14,356.22,0,0
1125132,Individual,Christensen,1985,1334.18,1955,NULL,4490.72,NULL,1,0
1128183,Family,Bradley,2008,NULL,NULL,2700,NULL,4429.57,0,1
1131154,Family,Bass,1994,2502.87,NULL,1334,2160.07,324.89,0,1
1135615,Family,Meyer,1984,NULL,NULL,NULL,3809.04,4207.14,0,1
1138784,Retiree,Whitney,1994,12601.06,2945,NULL,1180.71,NULL,0,0
1143532,Individual,Sanders,1993,1637.05,NULL,NULL,5196.90,529.70,1,0
1146152,Couple,Jennings,2007,3559.68,2490,3784,4496.95,2471.97,0,1
1147673,Family,Sosa,1989,4036.36,2475,3298,4800.11,664.84,0,0
1152102,Individual,Rollins,2006,4647.83,1945,NULL,2046.06,NULL,0,0
1154838,Family,West,2006,NULL,NULL,1560,NULL,1475.61,0,0
1157283,Family,Olsen,1995,NULL,NULL,2422,1370.52,NULL,0,0
1163059,Couple,Hale,2007,NULL,NULL,2372,6115.60,NULL,1,0
1165096,Family,Hensley,1991,NULL,NULL,NULL,NULL,2236.95,0,1
1167596,Individual,Wagner,1985,NULL,NULL,NULL,1851.42,NULL,0,0
1172452,Family,Mcguire,1988,NULL,NULL,3643,185.13,1041.97,0,1
1174056,Family,Ortega,2002,NULL,1510,7469,3353.77,NULL,0,0
1175574,Family,Stanley,2009,NULL,NULL,2715,1274.32,NULL,0,0
1178402,Individual,Mcintyre,1989,1779.55,NULL,NULL,3510.66,NULL,1,0
1182774,Couple,Santos,2009,NULL,NULL,1574,3471.78,865.28,0,0
1187070,Couple,Montes,2005,7448.21,1740,1461,2903.65,NULL,0,0
1189029,Retiree,Cervantes,2000,NULL,NULL,NULL,3281.54,669.05,1,0
1192132,Family,Jacobs,1994,NULL,NULL,1640,4612.71,321.31,0,0
1194494,Family,Frye,1999,NULL,NULL,3237,3242.01,NULL,1,0
1195986,Couple,Nguyen,2012,NULL,NULL,2158,2542.55,1167.65,0,0
1199884,Individual,Harris,2006,NULL,NULL,NULL,129.86,2176.42,0,0
1204300,Individual,Perez,1994,NULL,NULL,NULL,2342.33,399.73,0,0
1209079,Family,Huber,1979,NULL,NULL,748,1254.21,1391.75,0,0
1213189,Couple,Ellison,2011,NULL,NULL,1724,6280.29,NULL,1,0
1215513,Family,Bates,1993,NULL,NULL,NULL,NULL,NULL,0,0
1220482,Couple,Shepard,2014,7085.98,1880,2481,5018.35,NULL,0,0
1226015,Couple,Doyle,2010,4116.22,NULL,1339,1126.07,NULL,0,0
1227345,Individual,Savage,2001,3983.53,NULL,772,1129.44,NULL,0,0
1228988,Family,Bush,2008,NULL,NULL,NULL,3783.35,1605.44,0,0
1232005,Couple,Bray,2008,3210.70,2705,610,4272.17,NULL,0,0
1233847,Family,Fields,2011,NULL,NULL,3166,743.03,1416.38,0,1
1236472,Family,Ball,2000,NULL,NULL,1693,5848.08,5151.28,0,1
1240649,Couple,Murillo,2008,3073.65,NULL,3344,3545.77,NULL,0,0
1241836,Family,Madden,1996,NULL,NULL,2258,1658.67,1156.89,0,0
1246104,Family,Herman,1994,NULL,NULL,2700,530.26,1625.63,0,1
1249187,Family,Moses,1997,NULL,NULL,1809,5840.69,498.44,0,0
1251621,Individual,Freeman,2008,NULL,NULL,NULL,2043.03,NULL,0,0
1252744,Individual,Johns,1996,NULL,NULL,NULL,5490.09,317.82,1,0
1254041,Couple,Walters,2008,1162.61,NULL,2479,5404.64,NULL,1,0
1257174,Family,Zuniga,2018,NULL,NULL,2786,2750.71,NULL,1,0
1261047,Family,Acevedo,1996,NULL,NULL,3939,742.04,NULL,1,0
1264023,Retiree,Pitts,1992,NULL,NULL,NULL,3430.64,NULL,1,0
1266932,Individual,Patton,2009,1632.15,NULL,2151,1831.44,906.90,0,0
1271836,Couple,Mcguire,2010,NULL,NULL,3082,5445.98,506.89,1,1
1273479,Family,Bond,1981,NULL,1920,3827,6353.98,3095.70,1,1
1277899,Couple,Gallagher,2009,NULL,NULL,2511,8731.89,720.03,1,0
1281654,Individual,Ball,2011,NULL,NULL,1977,4509.29,NULL,1,0
1285989,Couple,Rodgers,2010,4154.19,NULL,5181,7031.91,937.14,1,0
1289765,Family,Morrison,2012,NULL,NULL,NULL,5166.16,NULL,0,0
1291403,Individual,Mcintyre,2007,1609.68,2565,NULL,3961.58,NULL,1,0
1294655,Family,Berger,2006,NULL,1705,2009,1378.89,NULL,0,0
1296667,Couple,English,2010,NULL,NULL,2537,4855.10,1726.13,0,1
1301121,Individual,Randall,2001,5372.65,1805,NULL,5386.08,641.91,1,0
1303031,Individual,Griffith,1999,NULL,NULL,NULL,2476.12,3993.06,1,1
1305679,Family,Mendoza,1992,1337.48,NULL,3968,3700.17,1368.81,0,0
1309959,Couple,Yu,2008,5067.37,1740,884,5474.25,NULL,0,0
1313105,Couple,Harrison,2006,3041.51,1825,NULL,6999.88,NULL,1,0
1316758,Individual,Hicks,1999,9436.34,2555,1302,4609.84,NULL,1,0
1318763,Couple,Chavez,2010,5350.07,2000,3223,6568.92,NULL,1,0
1320517,Family,Hall,1995,NULL,NULL,2483,4851.89,338.98,1,0
1324876,Family,Foster,2011,NULL,NULL,3368,5414.21,NULL,0,0
1326031,Retiree,Baxter,1985,7750.07,2715,NULL,3747.27,698.24,1,0
1330256,Individual,Forbes,1998,NULL,NULL,500,2906.38,666.98,1,0
1332241,Couple,Gonzales,2009,NULL,NULL,2594,2900.21,NULL,0,0
1334564,Family,Mcclain,1996,NULL,NULL,1577,2461.28,1259.03,0,0
1339006,Individual,Shah,2001,NULL,2140,NULL,3191.73,349.77,1,0
1340896,Family,Booker,1985,NULL,1610,1341,1437.45,NULL,0,0
1343565,Family,Kim,2003,1907.35,2005,NULL,2556.21,714.76,0,0
1346338,Individual,Bernard,1997,1314.09,NULL,NULL,1699.11,422.77,0,0
1349828,Family,Patton,1998,NULL,NULL,4616,1543.89,277.78,0,0
1351488,Family,Krause,1998,NULL,1525,4383,NULL,5239.22,0,1
1354972,Retiree,Morris,2005,3616.59,2760,NULL,2608.67,722.11,1,0
1356270,Individual,Lam,2017,2483.14,1980,1590,4755.26,NULL,1,0
1360186,Family,Williamson,1982,NULL,NULL,5841,5290.65,2883.36,1,0
1363820,Individual,Flynn,1996,NULL,NULL,NULL,2614.92,NULL,0,0
1368657,Individual,Perry,1996,NULL,NULL,870,2056.39,NULL,0,0
1371669,Individual,Pena,2004,3865.52,1825,1919,2896.16,NULL,1,0
1372682,Couple,Nash,2015,3097.39,2435,1780,6720.74,2174.66,1,0
1376288,Individual,Savage,2006,2630.58,NULL,801,4145.53,NULL,1,0
1380523,Family,Deleon,2003,NULL,NULL,3111,6044.41,3942.66,0,1
1383945,Individual,Morales,1995,4207.63,2020,623,5048.43,NULL,1,0
1388581,Family,Mayer,1992,NULL,NULL,1155,1422.83,3279.90,0,1
1391645,Retiree,Marks,1988,1044.32,NULL,NULL,1010.62,NULL,0,0
1395437,Family,Terrell,2008,NULL,NULL,5562,1758.30,4259.31,0,1
1396721,Couple,Humphrey,2011,NULL,NULL,1966,6168.24,3749.62,1,1
1400470,Individual,Butler,2010,NULL,NULL,NULL,2399.51,532.20,0,0
1404554,Individual,Mora,2001,NULL,NULL,NULL,4367.29,NULL,1,0
1409110,Individual,Rangel,2016,NULL,NULL,1506,4323.18,324.12,0,0
1410784,Couple,Terrell,2007,NULL,NULL,2077,3443.58,NULL,0,0
1412711,Couple,Trujillo,2009,NULL,1730,3152,4113.02,773.42,1,0
1416120,Couple,Yoder,2011,NULL,NULL,2752,6621.84,NULL,1,1
1418634,Individual,Swanson,2004,2730.37,NULL,NULL,1315.58,NULL,0,0
1422716,Family,Sanford,2009,NULL,NULL,590,2018.65,4036.36,1,1
1424987,Family,Sampson,2001,NULL,NULL,4131,NULL,2445.58,0,0
1429251,Family,Harris,1997,NULL,NULL,500,3752.76,1152.24,0,0
1432646,Retiree,Skinner,2006,1043.68,NULL,NULL,3749.06,1153.80,1,0
1436672,Family,Butler,1984,NULL,NULL,1697,1981.78,1926.91,0,1
1438033,Couple,Watts,2005,NULL,NULL,NULL,3618.18,NULL,0,0
1444188,Individual,Neal,1999,NULL,NULL,NULL,6423.06,NULL,1,0
1447759,Family,Stout,2000,NULL,NULL,NULL,2980.91,1771.15,0,1
1452473,Family,Grimes,1993,1025.97,NULL,1963,3002.04,517.44,0,0
1453673,Individual,Wood,2004,3836.75,1890,NULL,3528.38,409.34,1,0
1457942,Family,Baird,1985,NULL,NULL,NULL,NULL,309.25,0,0
1461003,Couple,Mcmillan,2010,2472.37,1650,2856,5618.05,NULL,1,0
1465635,Individual,Moody,1988,1905.88,1640,NULL,3161.66,NULL,0,0
1467558,Family,Acevedo,1985,1120.16,NULL,NULL,NULL,1374.51,0,0
1469490,Couple,Travis,2011,NULL,NULL,2129,3559.48,1105.30,0,0
1474023,Family,Mosley,2008,2789.80,1895,3408,3413.04,946.58,0,0
1476614,Family,Davenport,2001,NULL,NULL,5411,NULL,331.37,0,0
1478758,Couple,Barron,2011,NULL,NULL,2383,3881.52,1423.08,0,0
1483148,Couple,Vasquez,2010,2930.58,NULL,1510,2810.57,437.28,0,0
1484551,Family,Ayala,1998,NULL,NULL,1797,4552.46,581.99,0,0
1486712,Family,Mahoney,2009,NULL,NULL,2117,531.64,918.32,0,0
1488858,Individual,Tyler,1986,6940.67,2205,NULL,1498.47,NULL,0,0
1490593,Individual,Page,2005,4227.01,1870,NULL,3357.46,NULL,0,0
1494873,Family,Baxter,2002,NULL,NULL,4128,2205.95,NULL,0,0
1497290,Family,Grimes,2001,NULL,NULL,3399,NULL,NULL,0,0
1498292,Individual,Schmitt,1999,1128.61,NULL,NULL,2562.74,NULL,0,0
1499725,Family,Gregory,2018,NULL,NULL,NULL,6869.13,201.80,1,0
1501502,Family,Schultz,2011,NULL,NULL,4854,3673.39,NULL,0,0
1503571,Individual,Christensen,2008,5595.06,2010,1488,4667.99,1140.70,1,0
1506475,Couple,Burch,2011,1163.17,NULL,2393,7139.15,NULL,1,0
1511109,Individual,Soto,1998,4911.12,NULL,NULL,2037.52,NULL,1,0
1516285,Retiree,Gardner,1989,5387.47,2215,NULL,4013.65,1723.78,1,1
1519556,Individual,Galloway,1999,3133.90,1620,NULL,1209.62,NULL,0,0
1524395,Family,Cabrera,2016,NULL,NULL,4350,3195.07,NULL,0,0
1528151,Couple,Hanna,2012,1136.83,NULL,1960,4027.71,NULL,0,0
1532922,Retiree,Logan,1997,NULL,1560,NULL,4247.04,4462.10,1,1
1536298,Family,Dougherty,1988,NULL,1990,3269,NULL,340.05,0,0
1537426,Individual,Donovan,1994,3364.99,NULL,534,NULL,NULL,0,0
1541626,Family,Neal,2011,NULL,NULL,NULL,1496.39,4220.35,0,1
1546011,Family,Williamson,1991,3530.71,1730,NULL,1393.56,NULL,0,0
1548263,Family,White,1993,1150.75,NULL,NULL,5028.31,2463.15,0,1
1551368,Individual,Pittman,2009,1241.77,1675,862,2145.14,1247.49,0,1
1555632,Individual,Goodwin,1990,NULL,NULL,NULL,3681.24,NULL,1,0
1556686,Family,Jones,2002,NULL,1760,NULL,2039.81,1134.59,0,0
1560374,Family,Pugh,1998,NULL,NULL,2228,NULL,NULL,0,0
1564200,Couple,Haney,2008,2138.90,NULL,2330,4072.59,938.05,0,0
1567565,Retiree,Bowen,1996,3207.25,NULL,NULL,1053.74,NULL,0,0
1571895,Couple,Robles,2012,2689.63,NULL,3066,3539.12,NULL,0,0
1573171,Individual,Dougherty,2008,5195.33,1835,1316,2809.77,4937.07,0,1
1577003,Individual,Parker,1999,2890.94,1510,830,1693.38,NULL,0,0
1579988,Family,Maddox,2004,NULL,1705,2917,298.77,5398.86,1,1
1582257,Couple,Branch,2011,1690.01,NULL,2480,7092.78,5779.28,1,1
1584013,Individual,Hebert,2003,3374.34,1770,NULL,5516.41,NULL,1,0
1588036,Family,Marshall,1992,NULL,NULL,NULL,1072.46,1117.34,0,0
1589365,Couple,Barton,2011,NULL,2065,3178,3066.18,2708.38,0,1
1592538,Family,Estrada,1991,NULL,NULL,3271,2356.76,NULL,0,0
1596413,Family,Leonard,2004,NULL,1705,3136,NULL,5579.13,0,1
1598139,Family,Beltran,1992,NULL,1620,1683,4291.76,1181.98,1,0
1601588,Family,Floyd,2015,NULL,NULL,4932,2060.14,1021.00,0,1
1606460,Individual,Davies,2009,NULL,NULL,870,1206.54,731.60,0,0
1610989,Couple,Benson,2016,9796.44,3000,3606,4230.45,950.68,0,0
1613220,Family,Velazquez,1992,2696.83,1990,1775,3318.84,3696.76,0,1
1614902,Individual,Skinner,1993,1630.72,NULL,818,3396.93,343.90,0,0
1619398,Retiree,Sims,1986,NULL,NULL,NULL,1672.32,NULL,1,0
1623509,Couple,Reyes,2009,NULL,NULL,2990,4204.60,515.16,0,0
1627573,Family,Espinoza,2012,1261.32,1970,3378,3716.53,1619.08,0,0
1629983,Individual,Adams,2009,5423.56,2350,1602,6496.48,NULL,1,0
1632415,Individual,Herman,1995,NULL,NULL,500,1961.07,NULL,0,0
1634421,Individual,Barnett,1979,6757.01,3040,NULL,4915.53,236.73,1,0
1637034,Couple,Krause,2009,2444.88,1640,688,7821.21,482.42,1,0
1639250,Family,Pugh,2009,NULL,NULL,1281,4040.91,1342.13,1,0
1641083,Couple,Young,2009,1274.63,NULL,2197,4365.35,NULL,0,0
1644049,Individual,Lloyd,1993,3668.79,NULL,989,3436.23,NULL,0,0
1648490,Family,Quinn,1986,NULL,NULL,NULL,2371.20,705.28,0,0
1652051,Individual,Poole,2003,NULL,NULL,NULL,3840.19,1136.09,1,0
1654677,Retiree,Calderon,1987,NULL,NULL,NULL,2979.17,NULL,1,0
1657146,Family,Lawrence,2004,NULL,NULL,NULL,5150.94,NULL,0,0
1659865,Family,Mclean,2012,NULL,NULL,4100,7152.33,572.68,0,0
1663767,Family,Howe,2005,NULL,NULL,1392,3282.54,375.31,1,0
1668643,Family,Hampton,2006,2079.26,NULL,3827,1478.66,NULL,0,0
1672579,Individual,Grant,1995,3992.78,1620,NULL,1897.15,199.80,1,0
1674001,Family,Christensen,1984,2043.41,NULL,1084,2731.09,283.86,0,0
1675651,Couple,Bennett,2008,NULL,NULL,1519,4062.94,1304.84,0,0
1680427,Individual,Gibson,2013,1859.83,2045,1465,4070.61,NULL,1,0
1684088,Family,Holt,1995,NULL,NULL,NULL,2226.84,NULL,0,0
1692052,Family,Travis,1994,NULL,NULL,1412,7422.38,1701.48,1,0
1693780,Couple,Fitzpatrick,2009,NULL,NULL,3783,3612.79,508.61,0,0
1694922,Couple,Landry,2009,NULL,NULL,953,3685.84,231.11,0,0
1699696,Family,Bradford,2003,NULL,NULL,4043,349.74,NULL,0,0
1701634,Retiree,Pace,1990,11991.68,3400,NULL,1400.90,1280.10,0,0
1705175,Couple,Hinton,2007,NULL,NULL,886,4351.51,NULL,1,0
1706438,Retiree,Webster,1977,NULL,NULL,NULL,1645.10,NULL,0,0
1709688,Family,Reed,2008,2423.10,1830,4660,5420.96,3676.86,0,1
1713941,Couple,Howard,2011,NULL,2055,2218,6623.56,1283.79,1,0
1718595,Family,Lozano,2014,NULL,NULL,3800,4577.40,1144.95,0,0
1721187,Family,Rocha,2015,NULL,NULL,3862,NULL,NULL,1,0
1724554,Couple,Stevens,2010,2745.23,1750,2812,4185.75,NULL,0,0
1726324,Couple,Chaney,2007,NULL,1695,1153,6328.62,177.55,1,0
1730743,Family,Baldwin,2012,NULL,NULL,3379,1874.26,NULL,0,0
1731829,Individual,Kim,2000,3966.77,1760,895,1721.39,NULL,0,0
1735759,Family,Curry,2011,NULL,NULL,1900,2634.20,NULL,0,0
1740285,Couple,Simon,2012,2423.30,1935,1859,5994.82,NULL,1,0
1741605,Couple,Atkinson,2010,2320.36,2870,2038,5622.49,3237.78,0,1
1743415,Individual,Osborn,2003,3444.07,1835,NULL,3311.76,NULL,1,0
1746151,Individual,Young,1989,2327.82,1880,NULL,1251.45,NULL,0,0
1749729,Family,Cooley,1994,NULL,NULL,4485,NULL,NULL,0,0
1751516,Family,Casey,2000,NULL,NULL,5941,NULL,NULL,0,0
1756041,Individual,Branch,1984,NULL,NULL,NULL,3630.60,NULL,0,0
1760903,Family,Kim,2010,NULL,NULL,2069,1426.36,751.53,0,0
1764871,Family,Suarez,2002,NULL,NULL,4818,3493.93,4915.59,0,1
1771339,Retiree,Keller,1989,1666.49,NULL,NULL,689.78,791.41,0,0
1774920,Individual,Goodwin,1999,4660.36,NULL,NULL,3295.00,960.47,1,0
1776558,Couple,Kent,2009,NULL,NULL,2738,4935.04,6169.05,0,1
1779047,Couple,Guerra,2010,NULL,1490,2859,2013.33,NULL,0,0
1780225,Retiree,Herrera,1994,3717.42,2370,NULL,2734.07,261.42,1,0
1781931,Retiree,Nolan,1998,NULL,NULL,NULL,1007.06,NULL,0,0
1786831,Retiree,Haynes,2003,NULL,1825,NULL,3483.56,NULL,1,0
1788916,Individual,Wiggins,1988,NULL,NULL,710,3330.96,NULL,1,0
1792070,Family,Abbott,2004,NULL,1615,6140,3658.04,NULL,0,0
1793213,Retiree,Owen,1998,NULL,NULL,NULL,1296.48,3447.26,0,1
1794766,Family,Carroll,2014,NULL,NULL,4100,4888.66,NULL,1,0
1797613,Family,Mcclure,1981,NULL,NULL,1997,4121.56,522.94,0,0
1801427,Family,Woods,1991,NULL,NULL,NULL,3242.07,2244.43,1,1
1803157,Family,Moran,2001,NULL,NULL,NULL,2735.70,NULL,0,0
1807963,Family,Reid,1998,NULL,NULL,5775,4036.50,NULL,1,0
1809280,Individual,Blackwell,2002,5712.24,2020,NULL,4401.70,NULL,1,0
1813132,Couple,Thompson,2012,1287.16,1870,3262,5901.85,1546.60,0,1
1815050,Family,Whitney,1997,NULL,NULL,6408,1408.34,NULL,0,0
1818390,Couple,Huang,2011,NULL,NULL,3282,3151.32,3722.66,0,1
1825696,Family,Rose,1996,NULL,NULL,3811,1107.38,797.06,0,0
1827570,Family,Morales,2003,4386.09,NULL,NULL,2924.39,NULL,0,0
1830482,Retiree,Boyd,1989,2617.56,NULL,NULL,649.57,505.15,0,0
1833649,Individual,Mccarty,1996,2480.14,1740,1185,3277.66,NULL,0,0
1835757,Individual,Ramirez,1982,NULL,NULL,NULL,1042.85,643.88,0,0
1839337,Family,Velez,2008,NULL,NULL,NULL,1930.94,433.62,1,0
1843135,Family,Burns,2016,NULL,NULL,5675,2571.41,3607.09,0,1
1846997,Couple,Riggs,2014,NULL,NULL,2201,3939.02,1255.30,0,0
1848581,Individual,Campbell,1988,8457.91,2900,NULL,1631.46,NULL,0,0
1853430,Family,Shelton,1988,NULL,1700,1629,1279.98,5151.45,0,1
1857273,Family,Kline,1996,NULL,NULL,NULL,3360.17,2720.08,0,1
1859994,Family,Meadows,1989,NULL,NULL,NULL,NULL,4574.06,0,1
1864088,Couple,Lane,2010,NULL,NULL,1864,5170.20,168.36,1,0
1865324,Family,Nichols,1994,NULL,NULL,NULL,1978.64,5043.87,0,1
1869417,Family,Rogers,1990,NULL,NULL,872,NULL,NULL,0,0
1872431,Family,Henson,2017,NULL,NULL,4100,2957.93,138.89,0,0
1875952,Individual,Sampson,2007,NULL,NULL,987,871.36,NULL,0,0
1877478,Family,Moon,2003,2638.83,2350,2407,NULL,1752.04,0,0
1880098,Family,Cooper,2011,NULL,NULL,5720,1840.21,893.05,0,0
1882482,Individual,Miller,2008,3372.22,2335,1166,3367.70,NULL,1,0
1885480,Individual,Knapp,2003,3680.84,2185,NULL,1436.45,1381.95,1,0
1889465,Individual,James,1999,941.11,1560,NULL,4187.11,NULL,1,0
1894242,Couple,Fleming,2008,NULL,NULL,1138,3799.67,NULL,0,0
1895429,Couple,Ho,2013,2394.37,1815,2779,5292.65,NULL,0,0
1899092,Family,Watts,1977,NULL,NULL,NULL,NULL,3266.26,0,1
1903234,Family,Cannon,2004,2267.56,NULL,972,1588.37,303.39,1,0
1904924,Family,Mccoy,1997,NULL,NULL,1926,2908.86,344.22,0,0
1907790,Family,Crane,2003,1117.03,1740,4125,3742.77,NULL,1,0
1908890,Family,Stephens,2006,3626.73,1750,3599,1871.85,NULL,0,0
1912955,Family,Larson,2004,NULL,NULL,1066,NULL,5124.58,0,1
1914743,Retiree,Oneal,1998,NULL,1560,NULL,2644.39,NULL,1,0
1917652,Retiree,Ray,1991,5320.03,1945,NULL,4027.83,NULL,1,0
1919356,Family,Love,1997,NULL,NULL,3149,6570.08,232.03,1,0
1920996,Family,Nixon,2016,NULL,NULL,1066,NULL,2564.80,0,1
1924334,Couple,Schroeder,2012,NULL,NULL,3348,3331.67,NULL,0,0
1926728,Couple,Campbell,2009,NULL,NULL,595,8038.63,NULL,1,0
1931378,Family,Roach,2007,NULL,NULL,4312,6982.19,NULL,0,0
1932474,Retiree,Frey,2009,1458.32,2010,NULL,3506.92,1071.81,1,0
1935699,Couple,Moreno,2012,10909.88,3360,4560,3593.35,NULL,0,0
1940261,Family,Frey,2001,NULL,NULL,4046,1843.09,2198.86,0,1
1944556,Retiree,Cisneros,2002,NULL,2120,NULL,4230.94,1821.07,1,0
1946507,Family,Ray,2018,NULL,NULL,5075,4127.02,NULL,0,0
1949035,Individual,Davila,2015,6782.81,NULL,1136,3385.29,619.79,1,0
1953955,Family,Golden,2009,NULL,NULL,6454,3733.47,NULL,1,0
1955204,Individual,Zuniga,2003,3893.88,2160,NULL,2494.42,NULL,0,0
1958227,Family,Ellis,1987,NULL,NULL,NULL,2468.97,787.90,1,0
1962501,Individual,Richard,2000,5850.93,2185,NULL,2272.83,NULL,0,0
1964029,Family,Price,2004,NULL,NULL,1609,1426.71,NULL,0,0
1966234,Individual,Watson,2013,NULL,NULL,2364,4325.37,NULL,1,0
1968682,Couple,Potts,2011,NULL,NULL,654,8111.95,NULL,1,0
1970146,Retiree,Ford,1978,4260.72,2150,NULL,419.23,NULL,0,0
1971416,Couple,Yoder,2009,NULL,NULL,2881,7093.62,1624.66,1,0
1973347,Family,Haney,1990,1300.36,NULL,NULL,954.14,2677.48,0,1
1976282,Individual,Barry,1996,NULL,NULL,688,3637.12,925.64,1,0
1978204,Individual,Mclaughlin,2004,NULL,NULL,1121,4192.38,685.37,1,0
1980777,Family,Mccall,1999,NULL,NULL,NULL,2903.25,2074.96,0,1
1984933,Couple,Spears,2009,NULL,NULL,2008,5876.69,NULL,1,0
1989297,Family,Smith,1996,NULL,NULL,NULL,NULL,168.39,0,0
1993285,Individual,Mahoney,2002,4763.16,2120,NULL,4153.57,NULL,1,0
1995869,Family,Sanders,2018,NULL,NULL,1900,835.88,699.08,0,0
1997742,Individual,Howe,1992,1972.62,NULL,NULL,4241.39,NULL,1,0
1999560,Individual,Duran,1984,1148.65,NULL,NULL,441.50,NULL,0,0
2004103,Family,Marsh,2007,NULL,NULL,3354,4709.42,3953.69,0,1
2008128,Couple,Shields,2008,NULL,NULL,2152,8580.78,228.30,1,0
2011106,Individual,Wong,2003,NULL,NULL,619,3801.17,NULL,0,0
2015773,Couple,Singh,2011,5480.32,2705,1264,3967.56,921.86,0,0
2021844,Family,Dunn,1996,NULL,NULL,2257,1913.55,2328.19,0,1
2026034,Family,Cisneros,1998,NULL,NULL,3000,1522.89,NULL,0,0
2030867,Couple,Stark,2012,NULL,NULL,2263,3666.58,NULL,0,0
2033362,Family,George,2000,NULL,NULL,NULL,2802.82,NULL,1,0
2035131,Family,Mills,2011,NULL,1635,3686,1664.87,2159.89,0,1
2036451,Family,Smith,2002,NULL,NULL,1552,3190.45,2399.04,1,1
2040399,Individual,Brock,2001,2215.55,NULL,NULL,4149.48,1354.69,1,0
2043728,Family,Holt,2005,NULL,NULL,4825,NULL,928.09,0,0
2045781,Retiree,Moody,2003,1164.69,NULL,NULL,3001.90,NULL,1,0
2048230,Individual,Maldonado,1987,NULL,NULL,NULL,2055.03,NULL,0,0
2051070,Family,Weber,2016,NULL,NULL,4365,5223.20,1718.53,1,1
2052768,Retiree,Velez,1997,4836.53,NULL,NULL,3247.65,314.62,1,0
2057761,Couple,Bowen,2013,5217.01,2185,2429,6983.37,709.90,1,0
2061170,Couple,Bond,2011,1296.41,NULL,1628,2676.57,NULL,0,0
2065107,Family,Anderson,1989,1092.68,NULL,539,744.21,460.66,0,0
2068122,Family,Villa,2003,NULL,NULL,NULL,993.25,NULL,0,0
2071204,Individual,Armstrong,2007,3076.75,1945,NULL,4357.74,1899.07,1,0
2075920,Family,Patrick,1993,NULL,NULL,1538,4356.68,NULL,0,0
2078205,Family,Nicholson,2005,NULL,NULL,NULL,NULL,NULL,0,0
2080136,Family,Williams,2007,NULL,NULL,6650,180.72,NULL,0,0
2085133,Family,Hahn,1997,NULL,NULL,1265,4904.77,NULL,0,0
2088177,Family,Long,2005,1630.65,1770,5898,1897.21,1287.10,0,0
2090575,Couple,Conley,2009,NULL,NULL,1113,4131.79,NULL,0,0
2092636,Family,Gibson,2013,NULL,NULL,5549,749.64,4084.42,0,1
2093665,Family,Fuentes,1997,2469.22,NULL,4455,4520.43,2221.29,0,1
2096259,Family,Mcgee,2010,NULL,NULL,5551,2441.86,3011.53,0,1
2098316,Individual,Reid,2014,1776.49,1560,1931,3314.80,NULL,1,0
2101380,Family,Cruz,2015,NULL,NULL,5140,6110.30,2296.46,0,1
2104315,Family,Hall,2015,NULL,1630,3033,NULL,458.03,0,0
2106780,Individual,Haney,1984,1517.52,NULL,NULL,4465.33,NULL,1,0
2109501,Family,Mccall,2013,NULL,NULL,4803,NULL,2123.16,0,1
2112677,Individual,Pollard,1989,NULL,1630,672,2097.08,NULL,0,0
2121231,Family,Hines,1991,NULL,NULL,NULL,NULL,1178.73,0,0
2122893,Individual,Miller,1990,6043.30,2500,NULL,1166.92,584.76,0,0
2126105,Retiree,Blankenship,2006,NULL,NULL,NULL,3180.80,869.31,1,0
2129317,Family,Santana,1996,NULL,NULL,3473,4339.85,4342.64,1,1
2130801,Individual,Pope,2001,NULL,1675,NULL,3784.32,3452.41,1,1
2133755,Individual,Huynh,1997,NULL,2660,NULL,4173.76,NULL,1,0
2136873,Family,Morrow,1994,NULL,NULL,NULL,2988.10,NULL,0,0
2137992,Retiree,Ochoa,2006,1522.57,NULL,NULL,2840.97,NULL,1,0
2142674,Family,Knox,1998,1438.72,1765,1530,1679.29,2871.86,1,1
2147088,Family,Greene,1980,NULL,NULL,2893,280.21,3993.78,0,1
2151834,Family,Sosa,1999,NULL,NULL,3451,1912.14,NULL,0,0
2154159,Family,Hinton,1996,NULL,NULL,1923,1396.50,2823.49,0,1
2156778,Individual,Cole,2013,6012.16,NULL,2456,615.25,NULL,0,0
2161022,Family,Pope,2010,NULL,NULL,4537,2691.71,NULL,1,0
2165967,Individual,Bowman,1981,6230.62,2880,NULL,3988.02,786.39,1,0
2170584,Family,Palmer,1999,NULL,NULL,3223,6597.33,3231.46,1,1
2174524,Individual,Vance,1995,2825.83,NULL,NULL,5279.87,NULL,1,0
2178089,Family,Hahn,1996,NULL,NULL,3426,9909.64,NULL,1,0
2179597,Individual,Gay,1998,6977.33,2110,NULL,5855.62,NULL,1,0
2183218,Retiree,Morton,2010,2554.33,NULL,684,3998.94,NULL,1,0
2186634,Family,Deleon,2011,NULL,1495,2560,NULL,3543.72,0,1
2188224,Retiree,Nelson,2006,1046.27,NULL,NULL,3262.02,4374.31,1,1
2190886,Family,Edwards,1990,NULL,NULL,1036,6150.58,3145.97,0,1
2195155,Individual,Sims,2000,5663.83,1565,759,138.31,NULL,0,0
2199428,Couple,Wyatt,2010,1304.70,NULL,1216,5798.55,1121.91,1,0
2202835,Family,Richardson,1986,1644.18,NULL,1600,6771.05,NULL,1,0
2207273,Family,Pennington,2001,1799.38,NULL,2206,NULL,NULL,0,0
2209238,Family,Yoder,2010,NULL,NULL,5221,2978.48,4977.25,0,1
2211981,Couple,Mcintyre,2011,1648.40,1795,NULL,2557.42,1002.91,0,0
2213366,Couple,Erickson,2009,NULL,NULL,1418,3543.63,NULL,0,0
2216022,Individual,Scott,2002,NULL,NULL,1607,932.73,1299.37,0,0
2220573,Family,Richardson,1993,NULL,NULL,3103,3819.98,454.98,1,0
2228901,Family,French,1981,NULL,NULL,2109,6742.62,450.75,1,0
2232784,Retiree,Hubbard,1985,5330.61,2185,NULL,3009.26,NULL,1,0
2235351,Family,Coffey,1989,NULL,1705,NULL,1237.18,3121.44,0,1
2238329,Individual,Valdez,1987,NULL,1610,NULL,1270.86,NULL,0,0
2241955,Couple,Cowan,2008,NULL,NULL,3499,4626.90,NULL,0,0
2246209,Individual,Steele,2001,5417.42,1555,1237,4506.62,132.52,1,0
2248382,Individual,Coleman,2007,4122.08,2725,NULL,3491.55,795.33,1,0
2250141,Individual,Ritter,2006,7026.26,2545,1454,1548.06,NULL,0,0
2254281,Couple,French,2006,4929.84,1955,1484,5223.15,3823.41,1,1
2255509,Individual,Hood,2002,3368.87,1835,NULL,2538.14,NULL,1,0
2256608,Family,Wu,2000,NULL,NULL,1088,2180.61,1584.38,0,0
2259506,Family,Wilcox,2001,NULL,NULL,3244,NULL,713.44,0,1
2263623,Family,Ruiz,1999,NULL,NULL,5410,5489.96,1588.86,0,1
2265157,Family,Howard,2006,NULL,NULL,NULL,NULL,NULL,0,1
2267466,Family,Reeves,1999,NULL,NULL,NULL,2098.16,382.06,0,0
2272107,Family,Parks,2004,NULL,NULL,3233,1559.24,2239.35,0,1
2276741,Family,Osborn,1997,NULL,NULL,NULL,6025.62,3808.32,1,1
2278614,Individual,Douglas,2006,NULL,NULL,844,840.25,NULL,0,0
2280183,Couple,Schultz,2010,NULL,1760,4392,2310.93,NULL,0,0
2282091,Family,Monroe,1999,NULL,NULL,3648,NULL,3971.38,0,1
2283339,Family,Walters,2004,NULL,NULL,4954,NULL,4778.01,0,1
2287633,Family,Valenzuela,2003,NULL,NULL,NULL,1955.40,NULL,0,0
2290232,Family,Duffy,2001,NULL,NULL,2049,2871.40,1271.91,0,1
2292782,Family,Bryant,2013,1104.07,NULL,NULL,2068.51,NULL,0,0
2297551,Individual,Brooks,1993,1371.23,NULL,NULL,1784.30,NULL,0,0
2298646,Family,Friedman,2005,NULL,NULL,957,5925.19,NULL,1,0
2301802,Family,Fowler,1993,NULL,2095,NULL,5398.91,296.26,0,0
2306577,Family,Keith,1994,NULL,NULL,2062,1514.84,1432.97,0,1
2309837,Family,Pittman,1990,NULL,NULL,NULL,4644.47,545.22,0,1
2314799,Individual,Cooper,1977,NULL,NULL,NULL,3396.85,1052.99,0,0
2317908,Family,Bright,1994,NULL,NULL,842,4533.12,1486.79,1,0
2320882,Family,Olsen,1986,NULL,NULL,4245,3590.83,624.42,0,0
2325853,Individual,Roy,2006,NULL,2630,NULL,1764.20,NULL,0,0
2330495,Retiree,Burgess,2010,4915.48,1935,NULL,3058.01,684.36,1,0
2335429,Family,Kemp,1984,NULL,NULL,NULL,4245.62,1097.05,1,0
2338829,Family,Lam,2014,1568.01,1695,7411,NULL,1219.21,0,0
2342715,Family,Reid,1994,NULL,NULL,3660,4271.26,447.78,0,0
2346546,Family,Lester,1981,NULL,NULL,NULL,4970.81,NULL,0,0
2348172,Retiree,Le,1986,6688.81,2195,NULL,532.76,1206.98,0,0
2351814,Couple,Church,2009,3179.79,1750,2663,5667.52,2945.70,1,1
2355592,Individual,Whitehead,1989,5127.24,1955,NULL,3803.10,NULL,1,0
2359084,Individual,Winters,1988,3156.81,2445,NULL,2557.17,1542.19,0,0
2360182,Retiree,Strickland,1991,6671.12,2805,NULL,3740.28,NULL,1,0
2361807,Family,Mcgrath,2010,4438.85,NULL,2776,2978.08,827.53,0,0
2364953,Family,Bryan,2011,NULL,NULL,NULL,4387.98,1598.01,0,0
2366815,Family,Hawkins,1985,NULL,NULL,NULL,2862.13,1292.02,0,0
2369870,Family,Shaw,1997,NULL,NULL,5429,NULL,899.20,0,0
2373072,Individual,Guzman,2012,3084.39,2165,1304,5115.02,953.34,1,0
2375198,Family,Chandler,1991,NULL,NULL,NULL,4971.24,NULL,1,0
2378980,Family,Orozco,2003,NULL,NULL,3338,911.34,NULL,0,0
2381061,Family,Mayer,1980,NULL,NULL,1678,1437.28,5153.62,0,1
2387872,Family,Finley,1990,NULL,NULL,4094,772.73,1156.07,0,1
2391903,Individual,Mann,2014,1926.19,1770,NULL,7154.53,6390.38,1,1
2396721,Retiree,Mccall,1987,2138.56,NULL,NULL,3034.53,3855.74,1,1
2399344,Individual,Costa,2017,6258.91,1980,607,933.72,NULL,0,0
2401887,Individual,Bell,2008,NULL,NULL,800,602.01,1530.75,0,0
2409255,Family,Maldonado,2005,2231.36,1675,NULL,3827.91,1213.53,0,0
2412160,Family,Hanson,1995,NULL,1750,1883,5188.55,1452.55,1,0
2414020,Individual,Rivers,2008,NULL,NULL,NULL,948.37,503.68,0,0
2424863,Family,Lee,2010,NULL,NULL,2754,1580.11,NULL,0,0
2427466,Family,Hurst,2002,NULL,NULL,NULL,1827.58,NULL,0,0
2431049,Couple,Sanford,2011,3520.38,1870,3579,3052.91,4476.76,0,1
2434723,Family,Fleming,1997,NULL,1770,6547,NULL,NULL,0,0
2438166,Couple,Evans,2012,3651.66,NULL,2668,5333.10,219.11,1,0
2441890,Individual,Hess,1994,NULL,NULL,NULL,4005.09,579.28,1,0
2446044,Retiree,Fitzpatrick,1998,1994.53,1945,NULL,1069.92,NULL,0,0
2449885,Family,Welch,2008,NULL,1900,5760,3875.06,562.91,1,0
2454040,Individual,Matthews,1978,NULL,NULL,NULL,945.01,1171.86,0,0
2458405,Individual,Wiggins,1994,NULL,NULL,NULL,3925.77,NULL,1,0
2461142,Family,Whitney,2003,NULL,NULL,NULL,1452.97,4752.23,0,1
2464344,Family,Fletcher,1996,NULL,NULL,2383,744.86,NULL,1,0
2470509,Individual,Gates,2003,2751.41,1675,NULL,3832.29,NULL,1,0
2473654,Couple,English,2011,3932.90,NULL,2701,4877.96,152.27,0,0
2478282,Individual,Howell,2006,5117.42,3040,NULL,2590.49,273.69,0,0
2482344,Couple,Baxter,2011,NULL,1620,3052,5478.02,NULL,0,0
2486927,Couple,Randolph,2010,NULL,NULL,1134,6665.56,790.61,1,0
2490712,Family,Benson,1996,NULL,NULL,1600,2750.49,172.84,0,0
2492719,Family,Vasquez,1999,NULL,1830,5702,1214.46,653.43,0,1
2496738,Individual,Petty,1988,1522.65,NULL,NULL,825.69,NULL,0,0
2499043,Family,Dodson,1992,NULL,NULL,2912,6897.20,4011.70,0,1
2501120,Couple,Hoover,2009,1538.25,1935,2004,3477.92,4007.49,0,1
2502292,Family,Horne,2015,1479.91,NULL,2855,5592.96,2738.22,1,1
2505318,Individual,Blake,2006,NULL,NULL,NULL,5714.94,1146.99,1,0
2510059,Couple,Abbott,2011,NULL,1705,3168,2768.57,160.03,0,0
2513909,Family,Bates,2011,NULL,1610,4699,689.96,NULL,0,0
2517643,Family,Anderson,1997,2007.19,2305,1874,500.01,NULL,0,0
2521870,Family,Dunn,2013,NULL,NULL,5304,2633.06,828.59,1,0
2526747,Family,Gibbs,1997,NULL,1770,3220,2556.12,4060.38,0,1
2528200,Family,Pitts,1993,NULL,NULL,848,7857.27,NULL,1,0
2530842,Retiree,Beck,1983,2946.90,2295,NULL,938.49,1357.01,0,0
2535793,Couple,Holder,2009,4673.59,1980,1748,7546.72,590.27,1,0
2539749,Family,Madden,1998,NULL,NULL,NULL,3241.53,186.56,0,1
2542545,Retiree,Sosa,2003,2500.97,2250,NULL,3978.57,NULL,1,0
2544681,Family,Sanders,1987,NULL,NULL,NULL,1975.57,5938.15,0,1
2546571,Family,Flores,1985,NULL,1775,NULL,2555.70,635.70,1,0
2549081,Family,Lucero,1996,NULL,1825,4238,3650.39,1453.07,0,0
2552585,Family,Mejia,2012,NULL,1510,872,3277.46,NULL,0,0
2554473,Family,Rosales,1985,NULL,NULL,1728,1660.02,NULL,0,0
2557398,Family,Blake,1984,NULL,NULL,NULL,1692.67,184.96,0,0
2559077,Family,Dixon,2011,NULL,NULL,3993,4628.51,2784.10,0,1
2561928,Family,Watson,1996,NULL,NULL,1900,4138.35,NULL,1,0
2565199,Family,Cisneros,1998,NULL,NULL,1596,2919.11,NULL,0,0
2568380,Individual,Mccullough,1997,3676.95,1760,NULL,4202.71,586.22,1,0
2572522,Family,Harrington,1997,2802.42,2160,2270,2676.27,NULL,0,0
2576917,Family,Hobbs,2014,NULL,NULL,3730,2106.60,NULL,0,1
2581551,Couple,Duran,2008,NULL,NULL,1165,7790.64,491.87,1,0
2584716,Individual,Benitez,1993,5726.35,2850,1018,5915.36,NULL,1,0
2586716,Couple,Cardenas,2009,6744.04,1870,2664,5278.35,NULL,1,0
2588770,Family,Petersen,1990,1655.80,NULL,NULL,2189.99,4019.15,0,1
2591135,Family,Ochoa,1994,NULL,NULL,5163,4248.96,2530.90,0,1
2593640,Individual,Krause,1992,2115.88,NULL,NULL,1606.74,1039.31,0,0
2597300,Individual,Madden,2004,2867.40,1815,NULL,4778.77,NULL,1,0
2599444,Family,Osborn,2007,NULL,NULL,4214,4631.72,637.54,0,0
2603896,Individual,Collier,1993,1550.42,NULL,NULL,7399.61,NULL,1,0
2605208,Couple,Roth,2011,NULL,NULL,1731,3287.02,262.22,0,0
2607443,Family,Reilly,2013,NULL,NULL,3528,3958.59,1863.61,1,0
2612384,Couple,Ray,2008,NULL,NULL,500,2275.44,1733.44,0,0
2616593,Individual,Oneal,2007,7404.63,3065,1299,3018.55,NULL,0,0
2619117,Retiree,Fleming,1992,8835.69,2910,NULL,3446.57,1102.88,1,0
2623119,Family,Hudson,1989,NULL,1645,NULL,1485.39,NULL,0,0
2625798,Family,Fuentes,2002,NULL,NULL,2158,655.92,915.71,0,0
2628906,Individual,Greene,1989,3715.08,1695,NULL,561.45,268.59,0,0
2629953,Retiree,Holden,1997,3748.34,3100,NULL,1497.60,1286.69,0,0
2631815,Family,Mann,1982,NULL,NULL,1450,1944.80,1347.58,0,1
2635883,Family,Savage,1993,NULL,NULL,3000,2018.99,NULL,0,0
2638727,Family,Pugh,1972,NULL,NULL,NULL,2607.76,4199.78,0,1
2641993,Couple,Robinson,2008,NULL,NULL,2761,6827.71,NULL,1,0
2645341,Family,Mahoney,2005,NULL,NULL,1538,5711.59,3622.20,0,1
2648019,Individual,Bowers,2017,5533.88,2270,965,2781.80,NULL,0,0
2651080,Retiree,Gutierrez,1991,7707.21,2455,NULL,1474.19,2565.97,0,0
2653779,Individual,Wagner,2018,7022.28,2325,1843,2737.69,NULL,0,0
2654828,Family,Villegas,2004,NULL,NULL,6437,336.23,4985.45,0,1
2658380,Family,Quinn,2001,NULL,NULL,NULL,2199.35,725.64,0,1
2659511,Family,Fields,1998,NULL,NULL,2662,3008.90,1443.43,0,0
2664043,Individual,Mayo,1986,2227.13,NULL,1355,3469.75,1065.43,1,0
2668547,Individual,Lam,1992,1384.85,1625,NULL,1476.63,NULL,0,0
2671472,Family,Boyd,2004,NULL,NULL,4820,757.12,NULL,0,0
2672614,Family,Daniels,2012,NULL,NULL,1911,1678.56,NULL,0,0
2674131,Family,Mejia,1976,1006.36,2000,NULL,1089.80,966.08,0,0
2676686,Couple,Tyler,2009,NULL,1945,NULL,3846.90,NULL,0,0
2678210,Family,Chen,2004,NULL,NULL,4372,2628.44,1450.16,0,0
2681597,Individual,Zamora,1996,NULL,NULL,NULL,5864.07,2441.45,1,0
2683092,Individual,Dudley,1989,NULL,1520,NULL,3973.89,NULL,0,0
2686932,Family,Meadows,2013,2766.89,NULL,4114,6322.07,1264.14,1,1
2688526,Individual,Burke,1992,1550.68,NULL,584,4619.92,NULL,1,0
2691353,Individual,Faulkner,1992,NULL,NULL,NULL,1629.75,319.16,0,0
2693322,Family,Hubbard,2008,NULL,NULL,5045,604.27,1386.67,1,1
2696411,Family,Kline,2006,NULL,NULL,945,1504.34,892.04,0,0
2699466,Family,Arias,2009,NULL,NULL,4903,798.80,174.09,0,0
2700751,Family,Henson,1978,NULL,NULL,NULL,2000.50,2470.36,0,1
2705288,Individual,Mcgee,1995,3184.35,NULL,NULL,4149.96,772.38,1,0
2707277,Family,Butler,2004,NULL,NULL,4434,3921.49,826.53,0,0
2711250,Family,Orozco,2010,NULL,NULL,3898,1766.80,319.00,0,0
2714183,Individual,Bean,1993,3082.55,NULL,NULL,NULL,7272.83,0,1
2716017,Couple,Carlson,2007,NULL,NULL,2420,4041.38,NULL,0,0
2718365,Family,Macdonald,2000,NULL,NULL,1493,3621.82,3286.20,0,1
2719599,Individual,Ayala,2004,6517.08,2965,2301,4370.34,NULL,1,0
2722786,Individual,Liu,2009,6555.10,1640,1344,2748.34,NULL,0,0
2725339,Family,Jones,1988,NULL,NULL,2124,3179.73,2527.00,0,1
2728195,Family,Fritz,1993,1157.32,NULL,NULL,1347.11,2616.32,0,1
2733096,Family,Luna,1994,NULL,NULL,5279,2891.18,NULL,0,0
2736227,Family,Carroll,2018,4301.38,2205,3317,2893.87,1883.00,0,1
2740817,Individual,Phelps,2014,5387.05,2520,1304,3025.16,297.97,1,0
2743012,Retiree,Boyer,1997,3862.13,1730,NULL,1086.08,1419.94,0,0
2747300,Couple,Martin,2010,NULL,NULL,1557,7241.89,NULL,1,0
2749081,Couple,Riley,2009,NULL,NULL,NULL,4795.87,1347.92,1,0
2752706,Family,Garza,2003,NULL,NULL,1333,8237.09,6105.77,0,1
2756513,Family,Schultz,1984,1496.81,NULL,5067,3058.87,1775.37,0,1
2757860,Individual,Andrews,2009,NULL,NULL,1248,4433.57,NULL,1,0
2761094,Retiree,Washington,1989,1515.40,1870,NULL,531.40,NULL,0,0
2763591,Individual,Hall,1991,2777.57,NULL,NULL,4955.85,438.82,1,0
2764757,Family,Blanchard,1996,NULL,1640,1323,NULL,5167.18,0,1
2769401,Couple,Velez,2011,2756.25,1560,2766,6344.84,1479.82,1,0
2773612,Family,Murray,2005,NULL,NULL,NULL,5315.33,2819.44,0,1
2774910,Family,Baird,2006,NULL,NULL,2919,2935.79,2113.06,1,1
2779286,Family,Love,1994,NULL,NULL,2074,NULL,NULL,0,0
2780464,Individual,Roth,2003,NULL,NULL,NULL,2463.44,2114.45,0,1
2784287,Couple,Delgado,2009,3554.38,NULL,NULL,6323.78,876.66,1,0
2789040,Family,Davila,2004,NULL,NULL,NULL,NULL,1536.06,0,1
2791981,Couple,Boyer,2011,6405.30,2565,1990,4892.14,965.76,1,0
2793858,Retiree,Hubbard,1981,NULL,NULL,NULL,NULL,824.54,0,0
2797023,Individual,Schneider,2018,NULL,NULL,3350,NULL,NULL,0,0
2800730,Family,Pena,1999,NULL,1580,2654,3099.73,NULL,0,0
2804840,Couple,Dudley,2009,NULL,NULL,1837,5191.68,851.09,0,0
2806084,Individual,Walls,2008,NULL,NULL,2334,3310.27,NULL,1,0
2808820,Family,Hendricks,1994,NULL,NULL,NULL,4974.26,NULL,1,0
2812308,Individual,Mclaughlin,2007,5764.21,2970,2268,3621.39,NULL,1,0
2816635,Retiree,Webb,2002,7209.28,2435,NULL,3436.20,472.91,1,0
2819599,Family,Gonzales,2009,NULL,NULL,3800,849.25,2280.86,0,1
2821626,Family,Dalton,1990,2142.04,NULL,933,1948.60,4004.81,0,1
2824995,Family,Zimmerman,2012,NULL,1575,4782,3039.03,4181.00,0,1
2827319,Individual,Charles,2000,3227.70,2315,704,6380.31,1209.82,1,0
2830668,Individual,Cooley,2006,3665.40,NULL,NULL,2022.74,NULL,0,0
2834002,Family,Hooper,1994,NULL,NULL,6298,1535.14,1245.20,0,0
2837816,Individual,Cochran,1995,NULL,NULL,1444,606.89,NULL,0,0
2840630,Family,Franco,1994,NULL,1555,564,1567.41,NULL,0,0
2844601,Retiree,Kirby,1997,4061.97,NULL,NULL,3833.43,636.08,1,0
2846331,Individual,Frey,1993,2683.28,1630,NULL,5420.09,NULL,1,0
2847628,Family,Anderson,2007,NULL,NULL,NULL,4224.88,NULL,0,0
2849770,Family,Watkins,1982,NULL,NULL,722,6176.63,3523.35,0,1
2852473,Family,Wong,1989,NULL,NULL,NULL,746.91,2352.83,0,1
2857205,Retiree,Huynh,1982,NULL,NULL,NULL,3848.64,337.39,1,0
2860018,Family,Grant,1994,NULL,NULL,698,6227.26,NULL,0,0
2862990,Family,Christian,1990,NULL,NULL,839,3356.86,1786.87,0,0
2865728,Family,Hickman,1996,NULL,NULL,NULL,3129.09,3912.82,0,1
2866999,Family,Reeves,2000,NULL,NULL,3952,4840.16,2912.32,0,1
2871305,Retiree,Blake,1980,NULL,1560,NULL,1259.20,NULL,0,0
2875046,Individual,Huffman,1990,NULL,NULL,NULL,2515.51,1830.10,0,0
2878129,Family,Fischer,2000,NULL,1685,NULL,1674.40,187.11,0,0
2881109,Family,Espinoza,2006,NULL,NULL,2563,1332.56,1123.37,0,0
2883999,Family,Cantu,1998,NULL,NULL,1610,3354.22,4539.94,0,1
2888853,Family,Mosley,1982,NULL,NULL,NULL,5297.93,1052.83,0,0
2890248,Couple,Chung,2008,NULL,NULL,2805,6966.57,923.96,1,0
2891511,Individual,Gentry,1988,NULL,NULL,NULL,2909.37,366.82,0,0
2893463,Individual,Clay,2004,3991.93,1750,NULL,2184.09,630.43,0,0
2897002,Family,Everett,1996,1680.96,NULL,3958,4014.39,NULL,0,0
2902792,Individual,Bowen,2002,2386.43,NULL,NULL,5191.56,NULL,1,0
2905443,Couple,Adams,2013,NULL,NULL,2351,5672.71,145.74,1,0
2908315,Family,Waters,2010,NULL,NULL,9055,NULL,NULL,0,0
2910791,Individual,Carrillo,2009,6245.99,1715,1571,3907.15,NULL,1,0
2913922,Family,Rasmussen,2005,NULL,NULL,NULL,209.71,NULL,0,0
2916808,Family,Munoz,2008,NULL,NULL,6837,5071.14,NULL,0,0
2918135,Couple,Castillo,2011,5182.69,1925,765,5724.98,665.78,1,0
2919549,Retiree,Cordova,1993,2346.41,NULL,NULL,490.34,4067.24,0,1
2924456,Family,Perkins,1996,NULL,NULL,NULL,3123.97,492.20,1,0
2925761,Individual,Serrano,1997,NULL,NULL,NULL,4050.22,828.57,1,0
2928423,Family,Kennedy,2001,NULL,NULL,NULL,676.85,2236.90,0,1
2929510,Retiree,Evans,1999,1320.15,2380,NULL,3783.46,3084.70,1,1
2931117,Family,Goodwin,1998,2209.98,1640,3949,4292.82,1506.25,0,1
2933327,Family,Meadows,1987,NULL,1685,3127,4684.70,4306.95,0,1
2935716,Family,Parrish,1998,NULL,NULL,3409,4027.53,NULL,0,0
2936746,Retiree,Woodard,2009,4446.77,2660,NULL,2195.82,220.77,1,0
2940251,Family,Wilson,1992,NULL,NULL,NULL,1950.66,NULL,0,0
2944835,Family,Kelly,2002,2993.26,NULL,NULL,5067.48,NULL,0,0
2946103,Individual,Yu,2008,NULL,NULL,1068,5561.84,NULL,1,0
2951024,Family,Tyler,1992,1375.29,2055,NULL,6491.00,363.08,0,0
2952659,Couple,Chandler,2009,NULL,1495,1137,6919.47,518.47,1,0
2956066,Individual,Christian,2007,2198.00,NULL,793,4930.58,4145.05,1,1
2960091,Individual,Hayes,1991,NULL,NULL,NULL,1662.79,1230.09,0,0
2961379,Individual,Hardin,1999,4106.52,2185,NULL,4145.29,1340.29,1,0
2963096,Family,Meadows,1990,NULL,1835,1414,3945.39,6149.69,0,1
2965917,Family,Skinner,2007,NULL,1795,2898,1159.12,1138.17,0,0
2970162,Individual,Ramos,2001,NULL,NULL,800,4723.62,NULL,1,0
2973736,Family,Bradley,2007,NULL,NULL,8029,2895.73,2373.59,0,0
2976699,Couple,Stanley,2013,NULL,NULL,1710,5503.88,1565.25,0,0
2980434,Individual,Johns,2001,NULL,NULL,1472,2763.82,NULL,0,0
2981972,Family,Johns,1996,NULL,NULL,778,2174.10,609.78,0,0
2985831,Family,Patterson,2014,NULL,1655,7631,3802.94,274.80,0,1
2990713,Individual,Andersen,1992,1458.72,NULL,NULL,2064.71,NULL,0,0
2994194,Couple,Warner,2010,NULL,NULL,3409,4535.20,6454.12,1,1
2997441,Family,Ferguson,1999,NULL,1660,NULL,703.54,NULL,0,1
3002155,Family,Donaldson,1994,NULL,NULL,1163,6031.70,1294.00,1,0
3003536,Individual,Chambers,2006,4280.66,NULL,NULL,3326.59,NULL,1,0
3006710,Individual,Anthony,1977,3938.34,NULL,NULL,4240.75,495.05,1,0
3010276,Individual,Marks,1989,6132.50,2370,NULL,1158.51,NULL,0,0
3013239,Family,Patel,2015,NULL,NULL,3223,4379.96,971.38,0,0
3016951,Family,Howard,2001,NULL,NULL,5949,1409.61,NULL,0,0
3018255,Couple,Beck,2013,1262.32,NULL,2838,2948.35,289.46,0,0
3021283,Family,Mendez,1991,1650.01,2195,1432,2657.03,979.59,0,0
3023705,Couple,Walters,2009,5028.60,1870,980,2585.12,NULL,0,0
3024908,Family,Peterson,2000,NULL,NULL,4373,4159.37,NULL,0,0
3027195,Couple,Skinner,2007,4830.09,1825,878,4413.03,5223.92,0,1
3029238,Family,Maxwell,2003,NULL,NULL,3000,NULL,709.36,0,0
3030536,Family,Fleming,1999,NULL,NULL,3800,581.82,NULL,0,0
3034789,Retiree,Barber,1982,4926.31,1760,NULL,3176.46,872.22,1,0
3039170,Family,Arnold,2008,NULL,NULL,4415,970.57,3848.27,0,1
3042983,Couple,Ritter,2008,1121.55,1780,3232,3467.07,274.73,0,0
3044618,Family,Roach,2000,NULL,NULL,1900,4037.57,NULL,0,0
3049226,Family,Rogers,2012,NULL,NULL,3701,3363.20,NULL,1,0
3050336,Individual,Barron,2008,9183.86,2585,1562,3040.47,2015.40,0,0
3054345,Family,Rodriguez,2004,NULL,NULL,5547,2263.75,476.37,0,0
3055623,Family,Stein,2000,NULL,2090,5008,3749.24,731.59,0,0
3057152,Individual,Pena,1977,NULL,NULL,NULL,2345.87,NULL,0,0
3061680,Individual,Alvarado,2005,2817.58,1730,1856,4405.19,1965.75,1,0
3065308,Individual,Simmons,1991,6564.04,1795,NULL,2823.47,NULL,1,0
3069579,Individual,Duran,1995,4630.61,1490,NULL,4412.60,NULL,1,0
3071563,Family,Huerta,1988,NULL,NULL,NULL,4272.66,NULL,0,0
3075917,Individual,Mendez,2008,NULL,NULL,NULL,3314.89,980.81,1,1
3078987,Family,Leonard,1992,NULL,NULL,3309,1893.85,2182.67,0,1
3082075,Individual,Berg,1998,3217.34,1545,NULL,149.54,NULL,0,0
3085229,Family,Pierce,1988,2351.30,1560,2846,2750.74,336.13,0,0
3087802,Family,Wilkins,2000,NULL,NULL,3308,NULL,558.10,1,1
3092777,Individual,Frye,2004,NULL,NULL,NULL,3020.01,903.82,0,0
3095254,Individual,Duran,1987,NULL,NULL,1249,3216.38,4751.83,0,1
3097596,Family,Arroyo,2008,NULL,NULL,800,5764.26,2204.73,1,1
3099838,Family,Blevins,1999,NULL,NULL,NULL,NULL,3187.96,0,1
3104085,Couple,Lucero,2008,6530.83,2240,3396,5476.35,NULL,1,0
3106829,Family,Hancock,1996,NULL,NULL,2700,1395.57,687.42,0,0
3108877,Family,Valdez,2003,NULL,NULL,4865,3853.34,NULL,0,0
3111643,Family,Jones,1981,NULL,NULL,NULL,2320.44,NULL,0,0
3114432,Individual,Salinas,1990,NULL,NULL,NULL,2414.20,1854.33,0,0
3119306,Family,Logan,2003,NULL,NULL,779,4015.00,NULL,1,0
3122391,Couple,Garner,2011,NULL,NULL,2205,3914.09,539.79,0,0
3127178,Individual,Dickerson,1993,NULL,1715,NULL,4491.17,5082.44,1,1
3131922,Couple,Arroyo,2004,NULL,NULL,1056,2807.54,1393.77,0,0
3135425,Family,Mccarty,2013,NULL,NULL,2853,NULL,NULL,0,0
3137964,Individual,Schaefer,1987,NULL,NULL,NULL,5108.29,146.53,1,1
3140166,Individual,Mosley,1993,NULL,NULL,NULL,3217.50,154.62,1,0
3141192,Family,Ewing,1991,NULL,NULL,1900,3983.54,NULL,0,0
3142916,Individual,Curtis,1990,NULL,NULL,NULL,4550.50,NULL,1,0
3147853,Couple,Baker,2011,2064.60,NULL,3509,3347.09,1100.02,0,0
3151518,Family,Pugh,2011,NULL,NULL,2965,1773.59,463.84,0,0
3155312,Couple,Castro,2007,NULL,NULL,1788,4427.53,NULL,0,0
3159885,Couple,Booth,2008,3567.85,2010,2028,3106.73,NULL,0,0
3161134,Family,Hanson,2006,NULL,NULL,1499,958.49,NULL,0,0
3164855,Retiree,Hodges,2005,2701.55,NULL,NULL,2872.12,476.61,1,0
3166647,Family,Gentry,2013,NULL,NULL,2065,2401.50,4080.87,1,1
3167882,Couple,Burke,2009,4425.97,NULL,2762,4519.13,433.87,0,0
3169890,Retiree,Escobar,2005,10295.07,3280,NULL,2866.65,NULL,1,0
3172467,Family,Wade,2017,NULL,NULL,4691,NULL,2844.59,0,1
3176821,Individual,Newman,2003,NULL,NULL,NULL,5091.92,2023.84,1,1
3178966,Family,Barajas,1998,NULL,NULL,3205,5943.78,3058.07,1,1
3183214,Retiree,Pierce,1997,NULL,NULL,NULL,3176.38,340.92,1,0
3187214,Couple,Johnson,2015,2484.10,NULL,2676,7632.68,1360.58,1,1
3189015,Family,Miles,1985,NULL,NULL,NULL,5153.34,2179.74,1,1
3193286,Family,Skinner,2002,NULL,NULL,NULL,7302.64,NULL,0,0
3197958,Family,Galvan,1992,NULL,NULL,1378,4815.72,1736.50,1,1
3201406,Family,Harrington,2007,NULL,NULL,4010,NULL,884.07,0,0
3204992,Couple,Frank,2010,1693.88,NULL,1096,5286.08,1871.06,1,0
3206921,Family,Lara,1971,NULL,2360,NULL,NULL,1235.87,0,0
3210802,Family,Brown,1981,NULL,1535,2426,197.94,4148.50,0,1
3212124,Individual,Duran,1992,2470.99,1980,NULL,3668.39,NULL,0,0
3215850,Family,Key,2006,2429.26,NULL,4767,1366.91,NULL,0,0
3217763,Family,Montoya,1998,1361.40,NULL,4276,5192.47,NULL,1,0
3220770,Couple,Mccarty,2006,2469.94,NULL,1023,5630.44,NULL,1,0
3225615,Individual,Gallagher,1999,3043.74,NULL,NULL,6501.22,1948.56,1,1
3227064,Couple,Fuller,2010,1994.95,NULL,930,4728.18,1118.27,1,0
3230191,Couple,Weiss,2011,6585.50,2480,2809,4792.71,NULL,0,0
3234296,Family,Mcmahon,2000,NULL,NULL,1806,3118.85,936.09,0,0
3236206,Family,Cobb,2006,NULL,NULL,5514,2119.25,3261.96,0,1
3239672,Family,Roberson,2011,1862.44,NULL,1864,4904.03,NULL,1,0
3241014,Individual,Mcbride,1990,NULL,1715,727,1524.26,NULL,0,0
3243772,Couple,Bruce,2012,1264.48,1900,1926,8626.98,827.33,1,0
3245904,Family,Hart,1977,NULL,NULL,3175,1131.89,511.18,0,0
3250238,Couple,Shepherd,2010,NULL,NULL,1384,4530.67,2386.84,0,1
3253560,Family,Mccann,1990,NULL,NULL,4400,NULL,1103.21,0,0
3257597,Individual,Hendricks,2004,4029.51,1835,1563,148.56,NULL,0,0
3260980,Couple,Becker,2005,NULL,NULL,1730,8604.56,NULL,1,0
3265807,Family,Velasquez,1988,NULL,NULL,NULL,5548.68,1411.21,0,1
3267723,Couple,Houston,2008,NULL,1955,2360,3320.98,718.73,0,0
3269329,Family,Huerta,1996,3914.36,NULL,851,3895.21,NULL,1,0
3272035,Family,Watkins,2003,NULL,NULL,3960,2045.79,2661.29,0,1
3276368,Family,Beard,1999,1653.16,NULL,NULL,2867.11,4299.43,0,1
3283805,Family,Dunlap,2000,NULL,NULL,1232,NULL,NULL,0,0
3285304,Couple,Chan,2009,1902.83,NULL,1711,2597.91,2154.52,0,1
3289617,Individual,Holt,1977,1132.01,NULL,NULL,6075.02,3804.41,1,1
3292049,Family,Chan,1994,NULL,NULL,902,3103.61,NULL,1,0
3295468,Family,Douglas,1984,NULL,NULL,2490,1793.19,588.19,0,0
3299770,Family,Robbins,2004,NULL,NULL,1433,3614.21,555.45,0,0
3302911,Couple,Villa,2011,3355.71,2890,1489,7760.95,NULL,1,0
3305240,Family,Patrick,2000,NULL,NULL,5834,2602.77,874.59,0,1
3307151,Retiree,Strickland,2008,NULL,NULL,1077,869.26,NULL,0,0
3311188,Family,Hanson,1995,NULL,NULL,3682,2389.33,NULL,0,0
3315541,Individual,Estrada,2001,NULL,NULL,539,4179.50,1661.86,1,0
3320319,Family,Greene,2000,NULL,NULL,2736,6892.69,2767.06,0,1
3322841,Family,Barton,1994,NULL,NULL,1949,2118.27,2820.90,0,1
3325730,Retiree,Ford,2001,3824.49,1945,NULL,2507.71,NULL,1,0
3327706,Family,Wilkins,1991,NULL,1555,2000,3504.41,2355.00,0,1
3332655,Individual,Zuniga,2006,NULL,NULL,NULL,4863.15,NULL,1,0
3337161,Family,Leonard,2015,NULL,NULL,2534,3193.73,1636.78,0,1
3340106,Couple,Lawson,2010,1406.73,NULL,3720,5855.47,NULL,1,0
3345090,Family,Brady,1997,NULL,NULL,3688,122.19,5052.57,0,1
3347803,Family,Kline,2003,NULL,NULL,1928,5210.23,NULL,1,0
3352075,Individual,Rowland,1986,2798.36,2045,NULL,4118.31,NULL,1,0
3353294,Family,Barnes,1995,NULL,NULL,NULL,4031.39,2156.08,0,0
3356570,Individual,Haney,1998,1919.28,1610,2108,4257.43,1760.18,1,0
3358779,Couple,Byrd,2009,3035.13,NULL,1851,2699.94,2722.33,0,1
3361582,Individual,Delacruz,2002,2376.40,NULL,NULL,2775.26,1216.26,1,0
3366214,Family,Riddle,1998,NULL,1575,NULL,NULL,3480.64,0,1
3370421,Family,Carney,1999,NULL,NULL,934,5989.75,2033.79,1,1
3373489,Couple,Frank,2011,NULL,1555,1810,4571.98,NULL,0,0
3377384,Family,Porter,2009,NULL,NULL,531,4693.20,2466.05,1,1
3385069,Couple,Schaefer,2009,5168.17,2380,1553,5944.23,1232.58,1,0
3389360,Family,Roberson,2013,1315.51,NULL,3996,502.16,NULL,0,0
3391550,Family,Harvey,1997,NULL,NULL,NULL,3453.05,2351.07,1,1
3396134,Family,Hendricks,2018,NULL,NULL,1900,3030.21,NULL,0,0
3397512,Retiree,Osborn,1985,10850.11,2815,NULL,NULL,NULL,0,0
3399859,Family,Bradley,2003,NULL,NULL,5276,6054.77,NULL,1,0
3401263,Individual,Gutierrez,1994,NULL,1545,NULL,5310.72,1128.64,1,0
3405376,Family,Johnston,1998,NULL,NULL,7140,5169.56,2392.38,0,1
3408188,Family,Hernandez,1983,NULL,NULL,2077,1679.70,1177.58,0,1
3410064,Family,Dudley,1987,NULL,NULL,1366,4277.37,4255.12,0,1
3414747,Couple,Patton,2008,2007.10,NULL,NULL,5023.28,NULL,0,0
3418144,Family,Norton,1994,NULL,NULL,2511,5979.04,3354.86,0,1
3423093,Couple,Sexton,2012,3257.98,1965,538,6658.07,NULL,1,0
3426102,Individual,Kidd,1991,3738.71,1640,NULL,4680.94,265.46,1,0
3428867,Couple,Sosa,2014,NULL,NULL,3355,8166.42,NULL,1,0
3430021,Individual,Townsend,1989,5333.45,NULL,NULL,3335.51,448.48,1,0
3433883,Retiree,Whitney,2006,5589.79,2720,NULL,3676.22,852.87,1,0
3435981,Individual,Chen,2008,7877.26,2345,2258,1279.79,NULL,0,0
3438143,Family,Barron,2008,NULL,NULL,1927,4568.35,4648.29,0,1
3439259,Individual,Rocha,2009,1968.47,NULL,1324,1888.34,NULL,0,0
3441239,Family,Scott,1994,2871.16,1505,3884,NULL,4715.40,0,1
3443612,Family,Ortega,1981,NULL,NULL,NULL,5810.85,857.88,1,1
3446000,Family,Hays,2003,NULL,NULL,NULL,2606.41,1412.88,0,0
3448396,Individual,Mcdowell,1998,NULL,NULL,NULL,4009.44,1042.90,1,0
3452858,Individual,Blevins,2015,1962.02,1610,1269,4948.55,NULL,1,0
3457458,Couple,Foley,2012,NULL,NULL,1947,4121.96,NULL,0,0
3458695,Couple,Mendoza,2011,5015.39,2410,2928,3874.58,842.42,0,0
3463026,Couple,Rollins,2011,1649.79,NULL,1904,4263.03,NULL,0,0
3471457,Family,Henderson,2001,2236.79,NULL,NULL,434.54,5356.52,0,1
3474537,Family,Branch,2001,NULL,NULL,5358,2235.72,NULL,0,0
3478480,Family,Yu,1983,NULL,1925,4628,3979.72,2418.67,0,1
3480891,Family,Forbes,2000,NULL,NULL,500,1232.42,NULL,0,0
3485796,Individual,Doyle,2002,NULL,NULL,1198,1379.36,1277.72,0,0
3486992,Family,Day,2007,NULL,NULL,3312,1112.59,NULL,0,0
3488910,Family,Winters,2005,NULL,NULL,5629,NULL,4589.35,0,1
3491236,Couple,Chang,2015,NULL,NULL,1856,7017.85,1779.11,1,0
3493772,Family,Howard,2001,2818.49,1560,5161,1727.29,NULL,0,0
3495273,Family,Daugherty,2004,NULL,2035,3375,2043.78,2733.18,0,1
3500119,Family,Mcintosh,2001,NULL,NULL,4100,3693.18,2284.68,1,1
3504025,Family,Patterson,1998,NULL,NULL,633,4111.92,874.45,1,0
3506467,Family,Wheeler,2016,NULL,NULL,5341,699.46,2652.12,0,1
3508143,Couple,Colon,2011,1937.95,NULL,1193,3365.27,1808.35,0,1
3509913,Family,Bauer,1994,NULL,NULL,4478,4735.19,557.55,1,0
3514270,Family,Adkins,1986,NULL,NULL,NULL,401.36,4584.87,0,1
3518865,Individual,Ellison,2008,2863.13,NULL,1871,2367.27,1374.98,0,0
3522247,Individual,Shelton,1996,NULL,NULL,1377,3967.70,300.86,1,0
3526144,Family,Riddle,2013,NULL,NULL,4074,2710.15,218.93,0,0
3532250,Family,Maldonado,1998,1881.59,NULL,NULL,3935.58,507.10,0,0
3535725,Family,Serrano,1982,NULL,NULL,2346,3766.99,3444.20,0,1
3540382,Couple,Morgan,2010,NULL,NULL,2150,4661.11,NULL,0,0
3543359,Individual,Harrell,1993,NULL,1705,NULL,101.58,782.25,0,0
3546755,Family,Nelson,2006,NULL,NULL,3482,3821.04,2745.28,0,1
3548434,Family,Vincent,2017,NULL,NULL,4078,3989.94,NULL,0,0
3552969,Family,Guerrero,1985,NULL,NULL,1330,1578.25,3648.28,0,1
3555916,Individual,Gillespie,1996,3363.57,NULL,NULL,415.87,NULL,0,0
3558820,Couple,Wilkinson,2011,5594.10,2140,2520,4152.44,3884.43,0,1
3563658,Retiree,Harper,2000,1966.93,NULL,NULL,3237.46,NULL,1,0
3567441,Individual,Ware,1995,5907.57,3520,1181,3876.04,NULL,1,0
3572092,Couple,Yoder,2014,2973.30,NULL,1930,6367.18,2350.96,1,1
3573154,Individual,Collier,2002,NULL,1835,NULL,3968.29,NULL,1,0
3575436,Family,Chen,1996,NULL,NULL,1507,3845.51,4166.72,0,1
3577647,Retiree,Mccann,1993,4238.23,2270,NULL,4152.86,4609.51,1,1
3584108,Family,Cabrera,1983,NULL,NULL,677,NULL,3716.73,0,1
3588585,Family,Rosales,2005,NULL,NULL,1941,3530.62,1064.50,1,0
3592425,Retiree,Martin,2000,6960.73,NULL,NULL,323.49,NULL,0,0
3595682,Family,Callahan,2000,NULL,NULL,NULL,4422.41,NULL,0,0
3598201,Family,Patton,2002,NULL,NULL,4263,2850.89,3609.07,0,1
3602297,Individual,Duffy,2002,NULL,NULL,NULL,2183.19,861.63,0,0
3605906,Family,Brandt,1997,1749.08,2140,3640,1331.91,489.89,0,0
3610735,Individual,Munoz,2003,NULL,NULL,NULL,2280.69,2161.05,0,1
3612853,Family,Spence,2013,NULL,NULL,2783,4394.82,278.68,0,0
3614519,Family,Foley,1983,NULL,NULL,NULL,1091.85,1262.37,0,0
3616092,Family,Hardin,1996,NULL,NULL,NULL,6963.83,355.51,1,0
3620646,Family,Ballard,1994,NULL,NULL,5470,6986.09,3865.32,1,1
3622317,Family,Swanson,1998,NULL,2340,865,883.81,765.25,0,0
3625721,Couple,Webb,2010,NULL,NULL,3087,3885.68,NULL,0,0
3627885,Individual,Ashley,1998,NULL,NULL,NULL,3013.82,NULL,0,0
3632208,Family,Mccormick,1988,NULL,NULL,5472,NULL,NULL,0,0
3635757,Family,Collins,2005,NULL,NULL,1900,2371.86,2554.17,0,1
3637540,Individual,Gentry,1988,6398.68,2305,NULL,2928.20,NULL,0,0
3642100,Family,Kirk,2013,NULL,NULL,2107,1623.11,4551.78,0,1
3646777,Family,Hayden,1994,1415.07,1560,738,1527.86,NULL,0,0
3650609,Family,Middleton,2000,NULL,NULL,1756,1696.02,5553.11,1,1
3652180,Family,Bush,1989,NULL,NULL,669,344.21,613.72,0,0
3657144,Couple,Morrison,2011,2120.73,2140,3676,3766.48,NULL,0,0
3660229,Couple,Schwartz,2011,NULL,NULL,1664,5753.97,NULL,1,0
3662303,Family,Horne,2010,NULL,NULL,1280,1983.20,NULL,0,0
3665622,Family,Todd,1991,NULL,NULL,NULL,1933.89,3867.35,0,1
3667069,Family,Roth,2015,NULL,1685,6757,2498.70,3330.80,0,1
3668803,Family,Gross,2004,1340.06,NULL,2912,2042.51,3520.78,0,1
3670552,Couple,Hebert,2010,4354.62,3110,4074,3352.75,1331.26,0,0
3673920,Family,Valenzuela,1999,NULL,1925,NULL,633.61,1454.64,0,0
3676806,Family,Hunter,2013,NULL,NULL,NULL,1299.48,593.22,0,0
3683689,Retiree,Banks,1998,3200.32,1750,NULL,3742.61,NULL,1,0
3685258,Individual,Luna,2004,1639.48,NULL,1645,5454.02,1163.73,1,1
3688619,Individual,Lynch,2016,2394.68,NULL,NULL,1677.17,2400.11,0,1
3691741,Individual,Valenzuela,1996,NULL,NULL,NULL,3462.96,NULL,1,0
3695674,Couple,Conrad,2010,4011.75,1935,500,4464.86,1021.92,0,0
3698377,Family,Mays,1990,NULL,NULL,NULL,94.42,5968.10,0,1
3700237,Couple,Rush,2007,NULL,NULL,1406,4334.33,NULL,0,0
3704411,Individual,Proctor,2009,4375.97,2150,629,1632.85,1831.37,0,0
3705914,Family,Macias,1990,NULL,1705,1102,653.56,1553.69,0,1
3707838,Family,Vincent,2008,NULL,1805,2278,2269.85,NULL,0,0
3710544,Family,Cobb,1987,NULL,NULL,854,2086.35,NULL,0,0
3713337,Family,Phillips,1988,NULL,NULL,1410,5148.45,3911.23,0,1
3716666,Family,Bowman,2003,NULL,NULL,2015,1156.56,2025.33,0,0
3720400,Family,Saunders,1990,NULL,NULL,3912,2399.72,4158.99,0,1
3723949,Family,Briggs,2003,NULL,NULL,2886,5894.47,5108.95,1,1
3727256,Family,Gallagher,1983,NULL,NULL,NULL,669.51,2317.59,1,1
3732019,Individual,Smith,2009,3842.41,1495,NULL,1569.11,1185.81,0,0
3736609,Family,Rowland,2000,NULL,NULL,NULL,2827.23,590.68,0,0
3738050,Couple,Joseph,2007,1129.30,NULL,3255,3607.97,1146.07,0,0
3742684,Family,Whitehead,2015,NULL,NULL,4291,NULL,2848.46,1,1
3746516,Couple,Higgins,2010,NULL,NULL,5259,4334.03,NULL,0,0
3751155,Family,Mccann,2005,NULL,1510,NULL,2338.18,1169.93,0,1
3755091,Family,Vincent,1994,NULL,NULL,4083,NULL,NULL,0,0
3759807,Family,Lucero,1984,NULL,NULL,653,4334.98,NULL,1,0
3761813,Family,Bradshaw,2014,NULL,NULL,4100,2517.48,1216.06,0,0
3764734,Family,Singh,1998,NULL,NULL,3000,2092.40,3070.77,0,1
3769266,Family,Levy,2005,NULL,NULL,2205,4742.75,1345.84,1,0
3774195,Couple,Pham,2010,4079.18,1675,1588,8140.53,NULL,1,0
3777898,Couple,Cannon,2009,NULL,NULL,2301,7758.17,4602.84,1,1
3779112,Individual,Cohen,1996,4513.66,2750,NULL,1174.93,2013.74,0,0
3781536,Individual,Conley,1998,2384.86,NULL,1423,5837.81,NULL,1,0
3782608,Couple,Trevino,2010,1472.72,NULL,NULL,3899.30,NULL,0,0
3783692,Retiree,Norris,1999,NULL,NULL,NULL,745.49,NULL,0,0
3787948,Couple,Singh,2014,NULL,1560,2123,4135.91,4046.20,0,1
3791644,Individual,York,1998,NULL,NULL,NULL,5980.02,483.93,1,0
3792751,Couple,Hooper,2007,5816.34,1565,1051,3853.99,NULL,0,0
3795043,Family,Mcdowell,1994,NULL,NULL,2757,NULL,3701.24,0,1
3796426,Family,Hutchinson,2004,3299.17,NULL,5457,2637.53,3313.35,0,1
3798957,Individual,Nolan,1990,5084.36,2715,NULL,7022.41,NULL,1,0
3801898,Family,Howell,2013,NULL,NULL,1394,2640.66,3359.56,0,1
3803066,Couple,Ray,2015,2262.13,1685,1946,7317.94,171.45,1,0
3804560,Individual,Owens,2008,4688.73,1815,NULL,5941.32,3878.98,1,1
3808647,Family,Paul,2000,NULL,NULL,2305,NULL,NULL,0,0
3811459,Family,Brock,2003,NULL,NULL,2857,3870.88,1169.63,0,0
3815091,Individual,Buck,2006,5208.07,2845,1258,5874.93,1207.46,1,0
3816197,Family,Hayes,2011,NULL,NULL,2843,1345.64,NULL,0,0
3818873,Family,Ross,2014,NULL,NULL,3163,NULL,NULL,0,0
3822578,Individual,Bailey,1996,3454.23,NULL,NULL,1453.65,NULL,0,0
3826702,Individual,Ferguson,2007,3581.40,NULL,NULL,3257.34,NULL,0,0
3830352,Couple,Price,2011,NULL,NULL,1254,4718.44,NULL,0,0
3833248,Individual,Clarke,2007,2230.24,NULL,1126,5705.06,NULL,1,0
3835983,Family,Norton,1986,NULL,NULL,3790,NULL,NULL,0,0
3837925,Couple,Fowler,2007,NULL,NULL,2097,2980.27,2351.55,0,1
3839678,Retiree,Casey,1998,4497.43,NULL,NULL,4573.10,NULL,1,0
3843294,Family,Pugh,2003,NULL,NULL,2699,2537.85,295.57,0,0
3847775,Family,Ware,1978,3581.32,NULL,NULL,5789.69,370.14,1,0
3848963,Couple,Orozco,2009,NULL,NULL,2728,5104.56,1319.13,0,0
3850657,Individual,Nielsen,1999,2715.96,NULL,604,3808.11,NULL,1,0
3852136,Couple,Fuller,2011,NULL,NULL,1874,2735.74,3582.49,0,1
3854495,Family,Montoya,2000,NULL,NULL,5289,4381.32,NULL,0,0
3857982,Family,Snow,2003,NULL,NULL,3092,3018.50,NULL,0,0
3860736,Family,Burch,1991,NULL,NULL,1876,NULL,3848.72,0,1
